id,iso2Code,name,region,adminregion,incomeLevel,lendingType,capitalCity,longitude,latitude
ABW,AW,Aruba,"{'id': 'LCN', 'iso2code': 'ZJ', 'value': 'Latin America & Caribbean '}","{'id': '', 'iso2code': '', 'value': ''}","{'id': 'HIC', 'iso2code': 'XD', 'value': 'High income'}","{'id': 'LNX', 'iso2code': 'XX', 'value': 'Not classified'}",Oranjestad,-70.0167,12.5167
AFG,AF,Afghanistan,"{'id': 'SAS', 'iso2code': '8S', 'value': 'South Asia'}","{'id': 'SAS', 'iso2code': '8S', 'value': 'South Asia'}","{'id': 'LIC', 'iso2code': 'XM', 'value': 'Low income'}","{'id': 'IDX', 'iso2code': 'XI', 'value': 'IDA'}",Kabul,69.1761,34.5228
AFR,A9,Africa,"{'id': 'NA', 'iso2code': 'NA', 'value': 'Aggregates'}","{'id': '', 'iso2code': '', 'value': ''}","{'id': 'NA', 'iso2code': 'NA', 'value': 'Aggregates'}","{'id': '', 'iso2code': '', 'value': 'Aggregates'}",,,
AGO,AO,Angola,"{'id': 'SSF', 'iso2code': 'ZG', 'value': 'Sub-Saharan Africa '}","{'id': 'SSA', 'iso2code': 'ZF', 'value': 'Sub-Saharan Africa (excluding high income)'}","{'id': 'LMC', 'iso2code': 'XN', 'value': 'Lower middle income'}","{'id': 'IBD', 'iso2code': 'XF', 'value': 'IBRD'}",Luanda,13.242,-8.81155
ALB,AL,Albania,"{'id': 'ECS', 'iso2code': 'Z7', 'value': 'Europe & Central Asia'}","{'id': 'ECA', 'iso2code': '7E', 'value': 'Europe & Central Asia (excluding high income)'}","{'id': 'UMC', 'iso2code': 'XT', 'value': 'Upper middle income'}","{'id': 'IBD', 'iso2code': 'XF', 'value': 'IBRD'}",Tirane,19.8172,41.3317
AND,AD,Andorra,"{'id': 'ECS', 'iso2code': 'Z7', 'value': 'Europe & Central Asia'}","{'id': '', 'iso2code': '', 'value': ''}","{'id': 'HIC', 'iso2code': 'XD', 'value': 'High income'}","{'id': 'LNX', 'iso2code': 'XX', 'value': 'Not classified'}",Andorra la Vella,1.5218,42.5075
ANR,L5,Andean Region,"{'id': 'NA', 'iso2code': 'NA', 'value': 'Aggregates'}","{'id': '', 'iso2code': '', 'value': ''}","{'id': 'NA', 'iso2code': 'NA', 'value': 'Aggregates'}","{'id': '', 'iso2code': '', 'value': 'Aggregates'}",,,
ARB,1A,Arab World,"{'id': 'NA', 'iso2code': 'NA', 'value': 'Aggregates'}","{'id': '', 'iso2code': '', 'value': ''}","{'id': 'NA', 'iso2code': 'NA', 'value': 'Aggregates'}","{'id': '', 'iso2code': '', 'value': 'Aggregates'}",,,
ARE,AE,United Arab Emirates,"{'id': 'MEA', 'iso2code': 'ZQ', 'value': 'Middle East & North Africa'}","{'id': '', 'iso2code': '', 'value': ''}","{'id': 'HIC', 'iso2code': 'XD', 'value': 'High income'}","{'id': 'LNX', 'iso2code': 'XX', 'value': 'Not classified'}",Abu Dhabi,54.3705,24.4764
ARG,AR,Argentina,"{'id': 'LCN', 'iso2code': 'ZJ', 'value': 'Latin America & Caribbean '}","{'id': 'LAC', 'iso2code': 'XJ', 'value': 'Latin America & Caribbean (excluding high income)'}","{'id': 'UMC', 'iso2code': 'XT', 'value': 'Upper middle income'}","{'id': 'IBD', 'iso2code': 'XF', 'value': 'IBRD'}",Buenos Aires,-58.4173,-34.6118
ARM,AM,Armenia,"{'id': 'ECS', 'iso2code': 'Z7', 'value': 'Europe & Central Asia'}","{'id': 'ECA', 'iso2code': '7E', 'value': 'Europe & Central Asia (excluding high income)'}","{'id': 'UMC', 'iso2code': 'XT', 'value': 'Upper middle income'}","{'id': 'IBD', 'iso2code': 'XF', 'value': 'IBRD'}",Yerevan,44.509,40.1596
ASM,AS,American Samoa,"{'id': 'EAS', 'iso2code': 'Z4', 'value': 'East Asia & Pacific'}","{'id': 'EAP', 'iso2code': '4E', 'value': 'East Asia & Pacific (excluding high income)'}","{'id': 'UMC', 'iso2code': 'XT', 'value': 'Upper middle income'}","{'id': 'LNX', 'iso2code': 'XX', 'value': 'Not classified'}",Pago Pago,-170.691,-14.2846
ATG,AG,Antigua and Barbuda,"{'id': 'LCN', 'iso2code': 'ZJ', 'value': 'Latin America & Caribbean '}","{'id': '', 'iso2code': '', 'value': ''}","{'id': 'HIC', 'iso2code': 'XD', 'value': 'High income'}","{'id': 'IBD', 'iso2code': 'XF', 'value': 'IBRD'}",Saint John's,-61.8456,17.1175
AUS,AU,Australia,"{'id': 'EAS', 'iso2code': 'Z4', 'value': 'East Asia & Pacific'}","{'id': '', 'iso2code': '', 'value': ''}","{'id': 'HIC', 'iso2code': 'XD', 'value': 'High income'}","{'id': 'LNX', 'iso2code': 'XX', 'value': 'Not classified'}",Canberra,149.129,-35.282
AUT,AT,Austria,"{'id': 'ECS', 'iso2code': 'Z7', 'value': 'Europe & Central Asia'}","{'id': '', 'iso2code': '', 'value': ''}","{'id': 'HIC', 'iso2code': 'XD', 'value': 'High income'}","{'id': 'LNX', 'iso2code': 'XX', 'value': 'Not classified'}",Vienna,16.3798,48.2201
AZE,AZ,Azerbaijan,"{'id': 'ECS', 'iso2code': 'Z7', 'value': 'Europe & Central Asia'}","{'id': 'ECA', 'iso2code': '7E', 'value': 'Europe & Central Asia (excluding high income)'}","{'id': 'UMC', 'iso2code': 'XT', 'value': 'Upper middle income'}","{'id': 'IBD', 'iso2code': 'XF', 'value': 'IBRD'}",Baku,49.8932,40.3834
BDI,BI,Burundi,"{'id': 'SSF', 'iso2code': 'ZG', 'value': 'Sub-Saharan Africa '}","{'id': 'SSA', 'iso2code': 'ZF', 'value': 'Sub-Saharan Africa (excluding high income)'}","{'id': 'LIC', 'iso2code': 'XM', 'value': 'Low income'}","{'id': 'IDX', 'iso2code': 'XI', 'value': 'IDA'}",Bujumbura,29.3639,-3.3784
BEA,B4,East Asia & Pacific (IBRD-only countries),"{'id': 'NA', 'iso2code': 'NA', 'value': 'Aggregates'}","{'id': '', 'iso2code': '', 'value': ''}","{'id': 'NA', 'iso2code': 'NA', 'value': 'Aggregates'}","{'id': '', 'iso2code': '', 'value': 'Aggregates'}",,,
BEC,B7,Europe & Central Asia (IBRD-only countries),"{'id': 'NA', 'iso2code': 'NA', 'value': 'Aggregates'}","{'id': '', 'iso2code': '', 'value': ''}","{'id': 'NA', 'iso2code': 'NA', 'value': 'Aggregates'}","{'id': '', 'iso2code': '', 'value': 'Aggregates'}",,,
BEL,BE,Belgium,"{'id': 'ECS', 'iso2code': 'Z7', 'value': 'Europe & Central Asia'}","{'id': '', 'iso2code': '', 'value': ''}","{'id': 'HIC', 'iso2code': 'XD', 'value': 'High income'}","{'id': 'LNX', 'iso2code': 'XX', 'value': 'Not classified'}",Brussels,4.36761,50.8371
BEN,BJ,Benin,"{'id': 'SSF', 'iso2code': 'ZG', 'value': 'Sub-Saharan Africa '}","{'id': 'SSA', 'iso2code': 'ZF', 'value': 'Sub-Saharan Africa (excluding high income)'}","{'id': 'LIC', 'iso2code': 'XM', 'value': 'Low income'}","{'id': 'IDX', 'iso2code': 'XI', 'value': 'IDA'}",Porto-Novo,2.6323,6.4779
BFA,BF,Burkina Faso,"{'id': 'SSF', 'iso2code': 'ZG', 'value': 'Sub-Saharan Africa '}","{'id': 'SSA', 'iso2code': 'ZF', 'value': 'Sub-Saharan Africa (excluding high income)'}","{'id': 'LIC', 'iso2code': 'XM', 'value': 'Low income'}","{'id': 'IDX', 'iso2code': 'XI', 'value': 'IDA'}",Ouagadougou,-1.53395,12.3605
BGD,BD,Bangladesh,"{'id': 'SAS', 'iso2code': '8S', 'value': 'South Asia'}","{'id': 'SAS', 'iso2code': '8S', 'value': 'South Asia'}","{'id': 'LMC', 'iso2code': 'XN', 'value': 'Lower middle income'}","{'id': 'IDX', 'iso2code': 'XI', 'value': 'IDA'}",Dhaka,90.4113,23.7055
BGR,BG,Bulgaria,"{'id': 'ECS', 'iso2code': 'Z7', 'value': 'Europe & Central Asia'}","{'id': 'ECA', 'iso2code': '7E', 'value': 'Europe & Central Asia (excluding high income)'}","{'id': 'UMC', 'iso2code': 'XT', 'value': 'Upper middle income'}","{'id': 'IBD', 'iso2code': 'XF', 'value': 'IBRD'}",Sofia,23.3238,42.7105
BHI,B1,IBRD countries classified as high income,"{'id': 'NA', 'iso2code': 'NA', 'value': 'Aggregates'}","{'id': '', 'iso2code': '', 'value': ''}","{'id': 'NA', 'iso2code': 'NA', 'value': 'Aggregates'}","{'id': '', 'iso2code': '', 'value': 'Aggregates'}",,,
BHR,BH,Bahrain,"{'id': 'MEA', 'iso2code': 'ZQ', 'value': 'Middle East & North Africa'}","{'id': '', 'iso2code': '', 'value': ''}","{'id': 'HIC', 'iso2code': 'XD', 'value': 'High income'}","{'id': 'LNX', 'iso2code': 'XX', 'value': 'Not classified'}",Manama,50.5354,26.1921
BHS,BS,"Bahamas, The","{'id': 'LCN', 'iso2code': 'ZJ', 'value': 'Latin America & Caribbean '}","{'id': '', 'iso2code': '', 'value': ''}","{'id': 'HIC', 'iso2code': 'XD', 'value': 'High income'}","{'id': 'LNX', 'iso2code': 'XX', 'value': 'Not classified'}",Nassau,-77.339,25.0661
BIH,BA,Bosnia and Herzegovina,"{'id': 'ECS', 'iso2code': 'Z7', 'value': 'Europe & Central Asia'}","{'id': 'ECA', 'iso2code': '7E', 'value': 'Europe & Central Asia (excluding high income)'}","{'id': 'UMC', 'iso2code': 'XT', 'value': 'Upper middle income'}","{'id': 'IBD', 'iso2code': 'XF', 'value': 'IBRD'}",Sarajevo,18.4214,43.8607
BLA,B2,Latin America & the Caribbean (IBRD-only countries),"{'id': 'NA', 'iso2code': 'NA', 'value': 'Aggregates'}","{'id': '', 'iso2code': '', 'value': ''}","{'id': 'NA', 'iso2code': 'NA', 'value': 'Aggregates'}","{'id': '', 'iso2code': '', 'value': 'Aggregates'}",,,
BLR,BY,Belarus,"{'id': 'ECS', 'iso2code': 'Z7', 'value': 'Europe & Central Asia'}","{'id': 'ECA', 'iso2code': '7E', 'value': 'Europe & Central Asia (excluding high income)'}","{'id': 'UMC', 'iso2code': 'XT', 'value': 'Upper middle income'}","{'id': 'IBD', 'iso2code': 'XF', 'value': 'IBRD'}",Minsk,27.5766,53.9678
BLZ,BZ,Belize,"{'id': 'LCN', 'iso2code': 'ZJ', 'value': 'Latin America & Caribbean '}","{'id': 'LAC', 'iso2code': 'XJ', 'value': 'Latin America & Caribbean (excluding high income)'}","{'id': 'UMC', 'iso2code': 'XT', 'value': 'Upper middle income'}","{'id': 'IBD', 'iso2code': 'XF', 'value': 'IBRD'}",Belmopan,-88.7713,17.2534
BMN,B3,Middle East & North Africa (IBRD-only countries),"{'id': 'NA', 'iso2code': 'NA', 'value': 'Aggregates'}","{'id': '', 'iso2code': '', 'value': ''}","{'id': 'NA', 'iso2code': 'NA', 'value': 'Aggregates'}","{'id': '', 'iso2code': '', 'value': 'Aggregates'}",,,
BMU,BM,Bermuda,"{'id': 'NAC', 'iso2code': 'XU', 'value': 'North America'}","{'id': '', 'iso2code': '', 'value': ''}","{'id': 'HIC', 'iso2code': 'XD', 'value': 'High income'}","{'id': 'LNX', 'iso2code': 'XX', 'value': 'Not classified'}",Hamilton,-64.706,32.3293
BOL,BO,Bolivia,"{'id': 'LCN', 'iso2code': 'ZJ', 'value': 'Latin America & Caribbean '}","{'id': 'LAC', 'iso2code': 'XJ', 'value': 'Latin America & Caribbean (excluding high income)'}","{'id': 'LMC', 'iso2code': 'XN', 'value': 'Lower middle income'}","{'id': 'IBD', 'iso2code': 'XF', 'value': 'IBRD'}",La Paz,-66.1936,-13.9908
BRA,BR,Brazil,"{'id': 'LCN', 'iso2code': 'ZJ', 'value': 'Latin America & Caribbean '}","{'id': 'LAC', 'iso2code': 'XJ', 'value': 'Latin America & Caribbean (excluding high income)'}","{'id': 'UMC', 'iso2code': 'XT', 'value': 'Upper middle income'}","{'id': 'IBD', 'iso2code': 'XF', 'value': 'IBRD'}",Brasilia,-47.9292,-15.7801
BRB,BB,Barbados,"{'id': 'LCN', 'iso2code': 'ZJ', 'value': 'Latin America & Caribbean '}","{'id': '', 'iso2code': '', 'value': ''}","{'id': 'HIC', 'iso2code': 'XD', 'value': 'High income'}","{'id': 'LNX', 'iso2code': 'XX', 'value': 'Not classified'}",Bridgetown,-59.6105,13.0935
BRN,BN,Brunei Darussalam,"{'id': 'EAS', 'iso2code': 'Z4', 'value': 'East Asia & Pacific'}","{'id': '', 'iso2code': '', 'value': ''}","{'id': 'HIC', 'iso2code': 'XD', 'value': 'High income'}","{'id': 'LNX', 'iso2code': 'XX', 'value': 'Not classified'}",Bandar Seri Begawan,114.946,4.94199
BSS,B6,Sub-Saharan Africa (IBRD-only countries),"{'id': 'NA', 'iso2code': 'NA', 'value': 'Aggregates'}","{'id': '', 'iso2code': '', 'value': ''}","{'id': 'NA', 'iso2code': 'NA', 'value': 'Aggregates'}","{'id': '', 'iso2code': '', 'value': 'Aggregates'}",,,
BTN,BT,Bhutan,"{'id': 'SAS', 'iso2code': '8S', 'value': 'South Asia'}","{'id': 'SAS', 'iso2code': '8S', 'value': 'South Asia'}","{'id': 'LMC', 'iso2code': 'XN', 'value': 'Lower middle income'}","{'id': 'IDX', 'iso2code': 'XI', 'value': 'IDA'}",Thimphu,89.6177,27.5768
BWA,BW,Botswana,"{'id': 'SSF', 'iso2code': 'ZG', 'value': 'Sub-Saharan Africa '}","{'id': 'SSA', 'iso2code': 'ZF', 'value': 'Sub-Saharan Africa (excluding high income)'}","{'id': 'UMC', 'iso2code': 'XT', 'value': 'Upper middle income'}","{'id': 'IBD', 'iso2code': 'XF', 'value': 'IBRD'}",Gaborone,25.9201,-24.6544
CAA,C9,Sub-Saharan Africa (IFC classification),"{'id': 'NA', 'iso2code': 'NA', 'value': 'Aggregates'}","{'id': '', 'iso2code': '', 'value': ''}","{'id': 'NA', 'iso2code': 'NA', 'value': 'Aggregates'}","{'id': '', 'iso2code': '', 'value': 'Aggregates'}",,,
CAF,CF,Central African Republic,"{'id': 'SSF', 'iso2code': 'ZG', 'value': 'Sub-Saharan Africa '}","{'id': 'SSA', 'iso2code': 'ZF', 'value': 'Sub-Saharan Africa (excluding high income)'}","{'id': 'LIC', 'iso2code': 'XM', 'value': 'Low income'}","{'id': 'IDX', 'iso2code': 'XI', 'value': 'IDA'}",Bangui,21.6407,5.63056
CAN,CA,Canada,"{'id': 'NAC', 'iso2code': 'XU', 'value': 'North America'}","{'id': '', 'iso2code': '', 'value': ''}","{'id': 'HIC', 'iso2code': 'XD', 'value': 'High income'}","{'id': 'LNX', 'iso2code': 'XX', 'value': 'Not classified'}",Ottawa,-75.6919,45.4215
CEA,C4,East Asia and the Pacific (IFC classification),"{'id': 'NA', 'iso2code': 'NA', 'value': 'Aggregates'}","{'id': '', 'iso2code': '', 'value': ''}","{'id': 'NA', 'iso2code': 'NA', 'value': 'Aggregates'}","{'id': '', 'iso2code': '', 'value': 'Aggregates'}",,,
CEB,B8,Central Europe and the Baltics,"{'id': 'NA', 'iso2code': 'NA', 'value': 'Aggregates'}","{'id': '', 'iso2code': '', 'value': ''}","{'id': 'NA', 'iso2code': 'NA', 'value': 'Aggregates'}","{'id': '', 'iso2code': '', 'value': 'Aggregates'}",,,
CEU,C5,Europe and Central Asia (IFC classification),"{'id': 'NA', 'iso2code': 'NA', 'value': 'Aggregates'}","{'id': '', 'iso2code': '', 'value': ''}","{'id': 'NA', 'iso2code': 'NA', 'value': 'Aggregates'}","{'id': '', 'iso2code': '', 'value': 'Aggregates'}",,,
CHE,CH,Switzerland,"{'id': 'ECS', 'iso2code': 'Z7', 'value': 'Europe & Central Asia'}","{'id': '', 'iso2code': '', 'value': ''}","{'id': 'HIC', 'iso2code': 'XD', 'value': 'High income'}","{'id': 'LNX', 'iso2code': 'XX', 'value': 'Not classified'}",Bern,7.44821,46.948
CHI,JG,Channel Islands,"{'id': 'ECS', 'iso2code': 'Z7', 'value': 'Europe & Central Asia'}","{'id': '', 'iso2code': '', 'value': ''}","{'id': 'HIC', 'iso2code': 'XD', 'value': 'High income'}","{'id': 'LNX', 'iso2code': 'XX', 'value': 'Not classified'}",,,
CHL,CL,Chile,"{'id': 'LCN', 'iso2code': 'ZJ', 'value': 'Latin America & Caribbean '}","{'id': '', 'iso2code': '', 'value': ''}","{'id': 'HIC', 'iso2code': 'XD', 'value': 'High income'}","{'id': 'IBD', 'iso2code': 'XF', 'value': 'IBRD'}",Santiago,-70.6475,-33.475
CHN,CN,China,"{'id': 'EAS', 'iso2code': 'Z4', 'value': 'East Asia & Pacific'}","{'id': 'EAP', 'iso2code': '4E', 'value': 'East Asia & Pacific (excluding high income)'}","{'id': 'UMC', 'iso2code': 'XT', 'value': 'Upper middle income'}","{'id': 'IBD', 'iso2code': 'XF', 'value': 'IBRD'}",Beijing,116.286,40.0495
CIV,CI,Cote d'Ivoire,"{'id': 'SSF', 'iso2code': 'ZG', 'value': 'Sub-Saharan Africa '}","{'id': 'SSA', 'iso2code': 'ZF', 'value': 'Sub-Saharan Africa (excluding high income)'}","{'id': 'LMC', 'iso2code': 'XN', 'value': 'Lower middle income'}","{'id': 'IDX', 'iso2code': 'XI', 'value': 'IDA'}",Yamoussoukro,-4.0305,5.332
CLA,C6,Latin America and the Caribbean (IFC classification),"{'id': 'NA', 'iso2code': 'NA', 'value': 'Aggregates'}","{'id': '', 'iso2code': '', 'value': ''}","{'id': 'NA', 'iso2code': 'NA', 'value': 'Aggregates'}","{'id': '', 'iso2code': '', 'value': 'Aggregates'}",,,
CME,C7,Middle East and North Africa (IFC classification),"{'id': 'NA', 'iso2code': 'NA', 'value': 'Aggregates'}","{'id': '', 'iso2code': '', 'value': ''}","{'id': 'NA', 'iso2code': 'NA', 'value': 'Aggregates'}","{'id': '', 'iso2code': '', 'value': 'Aggregates'}",,,
CMR,CM,Cameroon,"{'id': 'SSF', 'iso2code': 'ZG', 'value': 'Sub-Saharan Africa '}","{'id': 'SSA', 'iso2code': 'ZF', 'value': 'Sub-Saharan Africa (excluding high income)'}","{'id': 'LMC', 'iso2code': 'XN', 'value': 'Lower middle income'}","{'id': 'IDB', 'iso2code': 'XH', 'value': 'Blend'}",Yaounde,11.5174,3.8721
COD,CD,"Congo, Dem. Rep.","{'id': 'SSF', 'iso2code': 'ZG', 'value': 'Sub-Saharan Africa '}","{'id': 'SSA', 'iso2code': 'ZF', 'value': 'Sub-Saharan Africa (excluding high income)'}","{'id': 'LIC', 'iso2code': 'XM', 'value': 'Low income'}","{'id': 'IDX', 'iso2code': 'XI', 'value': 'IDA'}",Kinshasa,15.3222,-4.325
COG,CG,"Congo, Rep.","{'id': 'SSF', 'iso2code': 'ZG', 'value': 'Sub-Saharan Africa '}","{'id': 'SSA', 'iso2code': 'ZF', 'value': 'Sub-Saharan Africa (excluding high income)'}","{'id': 'LMC', 'iso2code': 'XN', 'value': 'Lower middle income'}","{'id': 'IDB', 'iso2code': 'XH', 'value': 'Blend'}",Brazzaville,15.2662,-4.2767
COL,CO,Colombia,"{'id': 'LCN', 'iso2code': 'ZJ', 'value': 'Latin America & Caribbean '}","{'id': 'LAC', 'iso2code': 'XJ', 'value': 'Latin America & Caribbean (excluding high income)'}","{'id': 'UMC', 'iso2code': 'XT', 'value': 'Upper middle income'}","{'id': 'IBD', 'iso2code': 'XF', 'value': 'IBRD'}",Bogota,-74.082,4.60987
COM,KM,Comoros,"{'id': 'SSF', 'iso2code': 'ZG', 'value': 'Sub-Saharan Africa '}","{'id': 'SSA', 'iso2code': 'ZF', 'value': 'Sub-Saharan Africa (excluding high income)'}","{'id': 'LMC', 'iso2code': 'XN', 'value': 'Lower middle income'}","{'id': 'IDX', 'iso2code': 'XI', 'value': 'IDA'}",Moroni,43.2418,-11.6986
CPV,CV,Cabo Verde,"{'id': 'SSF', 'iso2code': 'ZG', 'value': 'Sub-Saharan Africa '}","{'id': 'SSA', 'iso2code': 'ZF', 'value': 'Sub-Saharan Africa (excluding high income)'}","{'id': 'LMC', 'iso2code': 'XN', 'value': 'Lower middle income'}","{'id': 'IDB', 'iso2code': 'XH', 'value': 'Blend'}",Praia,-23.5087,14.9218
CRI,CR,Costa Rica,"{'id': 'LCN', 'iso2code': 'ZJ', 'value': 'Latin America & Caribbean '}","{'id': 'LAC', 'iso2code': 'XJ', 'value': 'Latin America & Caribbean (excluding high income)'}","{'id': 'UMC', 'iso2code': 'XT', 'value': 'Upper middle income'}","{'id': 'IBD', 'iso2code': 'XF', 'value': 'IBRD'}",San Jose,-84.0089,9.63701
CSA,C8,South Asia (IFC classification),"{'id': 'NA', 'iso2code': 'NA', 'value': 'Aggregates'}","{'id': '', 'iso2code': '', 'value': ''}","{'id': 'NA', 'iso2code': 'NA', 'value': 'Aggregates'}","{'id': '', 'iso2code': '', 'value': 'Aggregates'}",,,
CSS,S3,Caribbean small states,"{'id': 'NA', 'iso2code': 'NA', 'value': 'Aggregates'}","{'id': '', 'iso2code': '', 'value': ''}","{'id': 'NA', 'iso2code': 'NA', 'value': 'Aggregates'}","{'id': '', 'iso2code': '', 'value': 'Aggregates'}",,,
CUB,CU,Cuba,"{'id': 'LCN', 'iso2code': 'ZJ', 'value': 'Latin America & Caribbean '}","{'id': 'LAC', 'iso2code': 'XJ', 'value': 'Latin America & Caribbean (excluding high income)'}","{'id': 'UMC', 'iso2code': 'XT', 'value': 'Upper middle income'}","{'id': 'LNX', 'iso2code': 'XX', 'value': 'Not classified'}",Havana,-82.3667,23.1333
CUW,CW,Curacao,"{'id': 'LCN', 'iso2code': 'ZJ', 'value': 'Latin America & Caribbean '}","{'id': '', 'iso2code': '', 'value': ''}","{'id': 'HIC', 'iso2code': 'XD', 'value': 'High income'}","{'id': 'LNX', 'iso2code': 'XX', 'value': 'Not classified'}",Willemstad,,
CYM,KY,Cayman Islands,"{'id': 'LCN', 'iso2code': 'ZJ', 'value': 'Latin America & Caribbean '}","{'id': '', 'iso2code': '', 'value': ''}","{'id': 'HIC', 'iso2code': 'XD', 'value': 'High income'}","{'id': 'LNX', 'iso2code': 'XX', 'value': 'Not classified'}",George Town,-81.3857,19.3022
CYP,CY,Cyprus,"{'id': 'ECS', 'iso2code': 'Z7', 'value': 'Europe & Central Asia'}","{'id': '', 'iso2code': '', 'value': ''}","{'id': 'HIC', 'iso2code': 'XD', 'value': 'High income'}","{'id': 'LNX', 'iso2code': 'XX', 'value': 'Not classified'}",Nicosia,33.3736,35.1676
CZE,CZ,Czech Republic,"{'id': 'ECS', 'iso2code': 'Z7', 'value': 'Europe & Central Asia'}","{'id': '', 'iso2code': '', 'value': ''}","{'id': 'HIC', 'iso2code': 'XD', 'value': 'High income'}","{'id': 'LNX', 'iso2code': 'XX', 'value': 'Not classified'}",Prague,14.4205,50.0878
DEA,D4,East Asia & Pacific (IDA-eligible countries),"{'id': 'NA', 'iso2code': 'NA', 'value': 'Aggregates'}","{'id': '', 'iso2code': '', 'value': ''}","{'id': 'NA', 'iso2code': 'NA', 'value': 'Aggregates'}","{'id': '', 'iso2code': '', 'value': 'Aggregates'}",,,
DEC,D7,Europe & Central Asia (IDA-eligible countries),"{'id': 'NA', 'iso2code': 'NA', 'value': 'Aggregates'}","{'id': '', 'iso2code': '', 'value': ''}","{'id': 'NA', 'iso2code': 'NA', 'value': 'Aggregates'}","{'id': '', 'iso2code': '', 'value': 'Aggregates'}",,,
DEU,DE,Germany,"{'id': 'ECS', 'iso2code': 'Z7', 'value': 'Europe & Central Asia'}","{'id': '', 'iso2code': '', 'value': ''}","{'id': 'HIC', 'iso2code': 'XD', 'value': 'High income'}","{'id': 'LNX', 'iso2code': 'XX', 'value': 'Not classified'}",Berlin,13.4115,52.5235
DFS,D8,IDA countries classified as Fragile Situations,"{'id': 'NA', 'iso2code': 'NA', 'value': 'Aggregates'}","{'id': '', 'iso2code': '', 'value': ''}","{'id': 'NA', 'iso2code': 'NA', 'value': 'Aggregates'}","{'id': '', 'iso2code': '', 'value': 'Aggregates'}",,,
DJI,DJ,Djibouti,"{'id': 'MEA', 'iso2code': 'ZQ', 'value': 'Middle East & North Africa'}","{'id': 'MNA', 'iso2code': 'XQ', 'value': 'Middle East & North Africa (excluding high income)'}","{'id': 'LMC', 'iso2code': 'XN', 'value': 'Lower middle income'}","{'id': 'IDX', 'iso2code': 'XI', 'value': 'IDA'}",Djibouti,43.1425,11.5806
DLA,D2,Latin America & the Caribbean (IDA-eligible countries),"{'id': 'NA', 'iso2code': 'NA', 'value': 'Aggregates'}","{'id': '', 'iso2code': '', 'value': ''}","{'id': 'NA', 'iso2code': 'NA', 'value': 'Aggregates'}","{'id': '', 'iso2code': '', 'value': 'Aggregates'}",,,
DMA,DM,Dominica,"{'id': 'LCN', 'iso2code': 'ZJ', 'value': 'Latin America & Caribbean '}","{'id': 'LAC', 'iso2code': 'XJ', 'value': 'Latin America & Caribbean (excluding high income)'}","{'id': 'UMC', 'iso2code': 'XT', 'value': 'Upper middle income'}","{'id': 'IDB', 'iso2code': 'XH', 'value': 'Blend'}",Roseau,-61.39,15.2976
DMN,D3,Middle East & North Africa (IDA-eligible countries),"{'id': 'NA', 'iso2code': 'NA', 'value': 'Aggregates'}","{'id': '', 'iso2code': '', 'value': ''}","{'id': 'NA', 'iso2code': 'NA', 'value': 'Aggregates'}","{'id': '', 'iso2code': '', 'value': 'Aggregates'}",,,
DNF,D9,IDA countries not classified as Fragile Situations,"{'id': 'NA', 'iso2code': 'NA', 'value': 'Aggregates'}","{'id': '', 'iso2code': '', 'value': ''}","{'id': 'NA', 'iso2code': 'NA', 'value': 'Aggregates'}","{'id': '', 'iso2code': '', 'value': 'Aggregates'}",,,
DNK,DK,Denmark,"{'id': 'ECS', 'iso2code': 'Z7', 'value': 'Europe & Central Asia'}","{'id': '', 'iso2code': '', 'value': ''}","{'id': 'HIC', 'iso2code': 'XD', 'value': 'High income'}","{'id': 'LNX', 'iso2code': 'XX', 'value': 'Not classified'}",Copenhagen,12.5681,55.6763
DNS,N6,IDA countries in Sub-Saharan Africa not classified as fragile situations ,"{'id': 'NA', 'iso2code': 'NA', 'value': 'Aggregates'}","{'id': '', 'iso2code': '', 'value': ''}","{'id': 'NA', 'iso2code': 'NA', 'value': 'Aggregates'}","{'id': '', 'iso2code': '', 'value': 'Aggregates'}",,,
DOM,DO,Dominican Republic,"{'id': 'LCN', 'iso2code': 'ZJ', 'value': 'Latin America & Caribbean '}","{'id': 'LAC', 'iso2code': 'XJ', 'value': 'Latin America & Caribbean (excluding high income)'}","{'id': 'UMC', 'iso2code': 'XT', 'value': 'Upper middle income'}","{'id': 'IBD', 'iso2code': 'XF', 'value': 'IBRD'}",Santo Domingo,-69.8908,18.479
DSA,D5,South Asia (IDA-eligible countries),"{'id': 'NA', 'iso2code': 'NA', 'value': 'Aggregates'}","{'id': '', 'iso2code': '', 'value': ''}","{'id': 'NA', 'iso2code': 'NA', 'value': 'Aggregates'}","{'id': '', 'iso2code': '', 'value': 'Aggregates'}",,,
DSF,F6,IDA countries in Sub-Saharan Africa classified as fragile situations ,"{'id': 'NA', 'iso2code': 'NA', 'value': 'Aggregates'}","{'id': '', 'iso2code': '', 'value': ''}","{'id': 'NA', 'iso2code': 'NA', 'value': 'Aggregates'}","{'id': '', 'iso2code': '', 'value': 'Aggregates'}",,,
DSS,D6,Sub-Saharan Africa (IDA-eligible countries),"{'id': 'NA', 'iso2code': 'NA', 'value': 'Aggregates'}","{'id': '', 'iso2code': '', 'value': ''}","{'id': 'NA', 'iso2code': 'NA', 'value': 'Aggregates'}","{'id': '', 'iso2code': '', 'value': 'Aggregates'}",,,
DXS,6D,"IDA total, excluding Sub-Saharan Africa","{'id': 'NA', 'iso2code': 'NA', 'value': 'Aggregates'}","{'id': '', 'iso2code': '', 'value': ''}","{'id': 'NA', 'iso2code': 'NA', 'value': 'Aggregates'}","{'id': '', 'iso2code': '', 'value': 'Aggregates'}",,,
DZA,DZ,Algeria,"{'id': 'MEA', 'iso2code': 'ZQ', 'value': 'Middle East & North Africa'}","{'id': 'MNA', 'iso2code': 'XQ', 'value': 'Middle East & North Africa (excluding high income)'}","{'id': 'UMC', 'iso2code': 'XT', 'value': 'Upper middle income'}","{'id': 'IBD', 'iso2code': 'XF', 'value': 'IBRD'}",Algiers,3.05097,36.7397
EAP,4E,East Asia & Pacific (excluding high income),"{'id': 'NA', 'iso2code': 'NA', 'value': 'Aggregates'}","{'id': '', 'iso2code': '', 'value': ''}","{'id': 'NA', 'iso2code': 'NA', 'value': 'Aggregates'}","{'id': '', 'iso2code': '', 'value': 'Aggregates'}",,,
EAR,V2,Early-demographic dividend,"{'id': 'NA', 'iso2code': 'NA', 'value': 'Aggregates'}","{'id': '', 'iso2code': '', 'value': ''}","{'id': 'NA', 'iso2code': 'NA', 'value': 'Aggregates'}","{'id': '', 'iso2code': '', 'value': 'Aggregates'}",,,
EAS,Z4,East Asia & Pacific,"{'id': 'NA', 'iso2code': 'NA', 'value': 'Aggregates'}","{'id': '', 'iso2code': '', 'value': ''}","{'id': 'NA', 'iso2code': 'NA', 'value': 'Aggregates'}","{'id': '', 'iso2code': '', 'value': 'Aggregates'}",,,
ECA,7E,Europe & Central Asia (excluding high income),"{'id': 'NA', 'iso2code': 'NA', 'value': 'Aggregates'}","{'id': '', 'iso2code': '', 'value': ''}","{'id': 'NA', 'iso2code': 'NA', 'value': 'Aggregates'}","{'id': '', 'iso2code': '', 'value': 'Aggregates'}",,,
ECS,Z7,Europe & Central Asia,"{'id': 'NA', 'iso2code': 'NA', 'value': 'Aggregates'}","{'id': '', 'iso2code': '', 'value': ''}","{'id': 'NA', 'iso2code': 'NA', 'value': 'Aggregates'}","{'id': '', 'iso2code': '', 'value': 'Aggregates'}",,,
ECU,EC,Ecuador,"{'id': 'LCN', 'iso2code': 'ZJ', 'value': 'Latin America & Caribbean '}","{'id': 'LAC', 'iso2code': 'XJ', 'value': 'Latin America & Caribbean (excluding high income)'}","{'id': 'UMC', 'iso2code': 'XT', 'value': 'Upper middle income'}","{'id': 'IBD', 'iso2code': 'XF', 'value': 'IBRD'}",Quito,-78.5243,-0.229498
EGY,EG,"Egypt, Arab Rep.","{'id': 'MEA', 'iso2code': 'ZQ', 'value': 'Middle East & North Africa'}","{'id': 'MNA', 'iso2code': 'XQ', 'value': 'Middle East & North Africa (excluding high income)'}","{'id': 'LMC', 'iso2code': 'XN', 'value': 'Lower middle income'}","{'id': 'IBD', 'iso2code': 'XF', 'value': 'IBRD'}",Cairo,31.2461,30.0982
EMU,XC,Euro area,"{'id': 'NA', 'iso2code': 'NA', 'value': 'Aggregates'}","{'id': '', 'iso2code': '', 'value': ''}","{'id': 'NA', 'iso2code': 'NA', 'value': 'Aggregates'}","{'id': '', 'iso2code': '', 'value': 'Aggregates'}",,,
ERI,ER,Eritrea,"{'id': 'SSF', 'iso2code': 'ZG', 'value': 'Sub-Saharan Africa '}","{'id': 'SSA', 'iso2code': 'ZF', 'value': 'Sub-Saharan Africa (excluding high income)'}","{'id': 'LIC', 'iso2code': 'XM', 'value': 'Low income'}","{'id': 'IDX', 'iso2code': 'XI', 'value': 'IDA'}",Asmara,38.9183,15.3315
ESP,ES,Spain,"{'id': 'ECS', 'iso2code': 'Z7', 'value': 'Europe & Central Asia'}","{'id': '', 'iso2code': '', 'value': ''}","{'id': 'HIC', 'iso2code': 'XD', 'value': 'High income'}","{'id': 'LNX', 'iso2code': 'XX', 'value': 'Not classified'}",Madrid,-3.70327,40.4167
EST,EE,Estonia,"{'id': 'ECS', 'iso2code': 'Z7', 'value': 'Europe & Central Asia'}","{'id': '', 'iso2code': '', 'value': ''}","{'id': 'HIC', 'iso2code': 'XD', 'value': 'High income'}","{'id': 'LNX', 'iso2code': 'XX', 'value': 'Not classified'}",Tallinn,24.7586,59.4392
ETH,ET,Ethiopia,"{'id': 'SSF', 'iso2code': 'ZG', 'value': 'Sub-Saharan Africa '}","{'id': 'SSA', 'iso2code': 'ZF', 'value': 'Sub-Saharan Africa (excluding high income)'}","{'id': 'LIC', 'iso2code': 'XM', 'value': 'Low income'}","{'id': 'IDX', 'iso2code': 'XI', 'value': 'IDA'}",Addis Ababa,38.7468,9.02274
EUU,EU,European Union,"{'id': 'NA', 'iso2code': 'NA', 'value': 'Aggregates'}","{'id': '', 'iso2code': '', 'value': ''}","{'id': 'NA', 'iso2code': 'NA', 'value': 'Aggregates'}","{'id': '', 'iso2code': '', 'value': 'Aggregates'}",,,
FCS,F1,Fragile and conflict affected situations,"{'id': 'NA', 'iso2code': 'NA', 'value': 'Aggregates'}","{'id': '', 'iso2code': '', 'value': ''}","{'id': 'NA', 'iso2code': 'NA', 'value': 'Aggregates'}","{'id': '', 'iso2code': '', 'value': 'Aggregates'}",,,
FIN,FI,Finland,"{'id': 'ECS', 'iso2code': 'Z7', 'value': 'Europe & Central Asia'}","{'id': '', 'iso2code': '', 'value': ''}","{'id': 'HIC', 'iso2code': 'XD', 'value': 'High income'}","{'id': 'LNX', 'iso2code': 'XX', 'value': 'Not classified'}",Helsinki,24.9525,60.1608
FJI,FJ,Fiji,"{'id': 'EAS', 'iso2code': 'Z4', 'value': 'East Asia & Pacific'}","{'id': 'EAP', 'iso2code': '4E', 'value': 'East Asia & Pacific (excluding high income)'}","{'id': 'UMC', 'iso2code': 'XT', 'value': 'Upper middle income'}","{'id': 'IDB', 'iso2code': 'XH', 'value': 'Blend'}",Suva,178.399,-18.1149
FRA,FR,France,"{'id': 'ECS', 'iso2code': 'Z7', 'value': 'Europe & Central Asia'}","{'id': '', 'iso2code': '', 'value': ''}","{'id': 'HIC', 'iso2code': 'XD', 'value': 'High income'}","{'id': 'LNX', 'iso2code': 'XX', 'value': 'Not classified'}",Paris,2.35097,48.8566
FRO,FO,Faroe Islands,"{'id': 'ECS', 'iso2code': 'Z7', 'value': 'Europe & Central Asia'}","{'id': '', 'iso2code': '', 'value': ''}","{'id': 'HIC', 'iso2code': 'XD', 'value': 'High income'}","{'id': 'LNX', 'iso2code': 'XX', 'value': 'Not classified'}",Torshavn,-6.91181,61.8926
FSM,FM,"Micronesia, Fed. Sts.","{'id': 'EAS', 'iso2code': 'Z4', 'value': 'East Asia & Pacific'}","{'id': 'EAP', 'iso2code': '4E', 'value': 'East Asia & Pacific (excluding high income)'}","{'id': 'LMC', 'iso2code': 'XN', 'value': 'Lower middle income'}","{'id': 'IDX', 'iso2code': 'XI', 'value': 'IDA'}",Palikir,158.185,6.91771
FXS,6F,"IDA countries classified as fragile situations, excluding Sub-Saharan Africa","{'id': 'NA', 'iso2code': 'NA', 'value': 'Aggregates'}","{'id': '', 'iso2code': '', 'value': ''}","{'id': 'NA', 'iso2code': 'NA', 'value': 'Aggregates'}","{'id': '', 'iso2code': '', 'value': 'Aggregates'}",,,
GAB,GA,Gabon,"{'id': 'SSF', 'iso2code': 'ZG', 'value': 'Sub-Saharan Africa '}","{'id': 'SSA', 'iso2code': 'ZF', 'value': 'Sub-Saharan Africa (excluding high income)'}","{'id': 'UMC', 'iso2code': 'XT', 'value': 'Upper middle income'}","{'id': 'IBD', 'iso2code': 'XF', 'value': 'IBRD'}",Libreville,9.45162,0.38832
GBR,GB,United Kingdom,"{'id': 'ECS', 'iso2code': 'Z7', 'value': 'Europe & Central Asia'}","{'id': '', 'iso2code': '', 'value': ''}","{'id': 'HIC', 'iso2code': 'XD', 'value': 'High income'}","{'id': 'LNX', 'iso2code': 'XX', 'value': 'Not classified'}",London,-0.126236,51.5002
GEO,GE,Georgia,"{'id': 'ECS', 'iso2code': 'Z7', 'value': 'Europe & Central Asia'}","{'id': 'ECA', 'iso2code': '7E', 'value': 'Europe & Central Asia (excluding high income)'}","{'id': 'UMC', 'iso2code': 'XT', 'value': 'Upper middle income'}","{'id': 'IBD', 'iso2code': 'XF', 'value': 'IBRD'}",Tbilisi,44.793,41.71
GHA,GH,Ghana,"{'id': 'SSF', 'iso2code': 'ZG', 'value': 'Sub-Saharan Africa '}","{'id': 'SSA', 'iso2code': 'ZF', 'value': 'Sub-Saharan Africa (excluding high income)'}","{'id': 'LMC', 'iso2code': 'XN', 'value': 'Lower middle income'}","{'id': 'IDX', 'iso2code': 'XI', 'value': 'IDA'}",Accra,-0.20795,5.57045
GIB,GI,Gibraltar,"{'id': 'ECS', 'iso2code': 'Z7', 'value': 'Europe & Central Asia'}","{'id': '', 'iso2code': '', 'value': ''}","{'id': 'HIC', 'iso2code': 'XD', 'value': 'High income'}","{'id': 'LNX', 'iso2code': 'XX', 'value': 'Not classified'}",,,
GIN,GN,Guinea,"{'id': 'SSF', 'iso2code': 'ZG', 'value': 'Sub-Saharan Africa '}","{'id': 'SSA', 'iso2code': 'ZF', 'value': 'Sub-Saharan Africa (excluding high income)'}","{'id': 'LIC', 'iso2code': 'XM', 'value': 'Low income'}","{'id': 'IDX', 'iso2code': 'XI', 'value': 'IDA'}",Conakry,-13.7,9.51667
GMB,GM,"Gambia, The","{'id': 'SSF', 'iso2code': 'ZG', 'value': 'Sub-Saharan Africa '}","{'id': 'SSA', 'iso2code': 'ZF', 'value': 'Sub-Saharan Africa (excluding high income)'}","{'id': 'LIC', 'iso2code': 'XM', 'value': 'Low income'}","{'id': 'IDX', 'iso2code': 'XI', 'value': 'IDA'}",Banjul,-16.5885,13.4495
GNB,GW,Guinea-Bissau,"{'id': 'SSF', 'iso2code': 'ZG', 'value': 'Sub-Saharan Africa '}","{'id': 'SSA', 'iso2code': 'ZF', 'value': 'Sub-Saharan Africa (excluding high income)'}","{'id': 'LIC', 'iso2code': 'XM', 'value': 'Low income'}","{'id': 'IDX', 'iso2code': 'XI', 'value': 'IDA'}",Bissau,-15.1804,11.8037
GNQ,GQ,Equatorial Guinea,"{'id': 'SSF', 'iso2code': 'ZG', 'value': 'Sub-Saharan Africa '}","{'id': 'SSA', 'iso2code': 'ZF', 'value': 'Sub-Saharan Africa (excluding high income)'}","{'id': 'UMC', 'iso2code': 'XT', 'value': 'Upper middle income'}","{'id': 'IBD', 'iso2code': 'XF', 'value': 'IBRD'}",Malabo,8.7741,3.7523
GRC,GR,Greece,"{'id': 'ECS', 'iso2code': 'Z7', 'value': 'Europe & Central Asia'}","{'id': '', 'iso2code': '', 'value': ''}","{'id': 'HIC', 'iso2code': 'XD', 'value': 'High income'}","{'id': 'LNX', 'iso2code': 'XX', 'value': 'Not classified'}",Athens,23.7166,37.9792
GRD,GD,Grenada,"{'id': 'LCN', 'iso2code': 'ZJ', 'value': 'Latin America & Caribbean '}","{'id': 'LAC', 'iso2code': 'XJ', 'value': 'Latin America & Caribbean (excluding high income)'}","{'id': 'UMC', 'iso2code': 'XT', 'value': 'Upper middle income'}","{'id': 'IDB', 'iso2code': 'XH', 'value': 'Blend'}",Saint George's,-61.7449,12.0653
GRL,GL,Greenland,"{'id': 'ECS', 'iso2code': 'Z7', 'value': 'Europe & Central Asia'}","{'id': '', 'iso2code': '', 'value': ''}","{'id': 'HIC', 'iso2code': 'XD', 'value': 'High income'}","{'id': 'LNX', 'iso2code': 'XX', 'value': 'Not classified'}",Nuuk,-51.7214,64.1836
GTM,GT,Guatemala,"{'id': 'LCN', 'iso2code': 'ZJ', 'value': 'Latin America & Caribbean '}","{'id': 'LAC', 'iso2code': 'XJ', 'value': 'Latin America & Caribbean (excluding high income)'}","{'id': 'UMC', 'iso2code': 'XT', 'value': 'Upper middle income'}","{'id': 'IBD', 'iso2code': 'XF', 'value': 'IBRD'}",Guatemala City,-90.5328,14.6248
GUM,GU,Guam,"{'id': 'EAS', 'iso2code': 'Z4', 'value': 'East Asia & Pacific'}","{'id': '', 'iso2code': '', 'value': ''}","{'id': 'HIC', 'iso2code': 'XD', 'value': 'High income'}","{'id': 'LNX', 'iso2code': 'XX', 'value': 'Not classified'}",Agana,144.794,13.4443
GUY,GY,Guyana,"{'id': 'LCN', 'iso2code': 'ZJ', 'value': 'Latin America & Caribbean '}","{'id': 'LAC', 'iso2code': 'XJ', 'value': 'Latin America & Caribbean (excluding high income)'}","{'id': 'UMC', 'iso2code': 'XT', 'value': 'Upper middle income'}","{'id': 'IDX', 'iso2code': 'XI', 'value': 'IDA'}",Georgetown,-58.1548,6.80461
HIC,XD,High income,"{'id': 'NA', 'iso2code': 'NA', 'value': 'Aggregates'}","{'id': '', 'iso2code': '', 'value': ''}","{'id': 'NA', 'iso2code': 'NA', 'value': 'Aggregates'}","{'id': '', 'iso2code': '', 'value': 'Aggregates'}",,,
HKG,HK,"Hong Kong SAR, China","{'id': 'EAS', 'iso2code': 'Z4', 'value': 'East Asia & Pacific'}","{'id': '', 'iso2code': '', 'value': ''}","{'id': 'HIC', 'iso2code': 'XD', 'value': 'High income'}","{'id': 'LNX', 'iso2code': 'XX', 'value': 'Not classified'}",,114.109,22.3964
HND,HN,Honduras,"{'id': 'LCN', 'iso2code': 'ZJ', 'value': 'Latin America & Caribbean '}","{'id': 'LAC', 'iso2code': 'XJ', 'value': 'Latin America & Caribbean (excluding high income)'}","{'id': 'LMC', 'iso2code': 'XN', 'value': 'Lower middle income'}","{'id': 'IDX', 'iso2code': 'XI', 'value': 'IDA'}",Tegucigalpa,-87.4667,15.1333
HPC,XE,Heavily indebted poor countries (HIPC),"{'id': 'NA', 'iso2code': 'NA', 'value': 'Aggregates'}","{'id': '', 'iso2code': '', 'value': ''}","{'id': 'NA', 'iso2code': 'NA', 'value': 'Aggregates'}","{'id': '', 'iso2code': '', 'value': 'Aggregates'}",,,
HRV,HR,Croatia,"{'id': 'ECS', 'iso2code': 'Z7', 'value': 'Europe & Central Asia'}","{'id': '', 'iso2code': '', 'value': ''}","{'id': 'HIC', 'iso2code': 'XD', 'value': 'High income'}","{'id': 'IBD', 'iso2code': 'XF', 'value': 'IBRD'}",Zagreb,15.9614,45.8069
HTI,HT,Haiti,"{'id': 'LCN', 'iso2code': 'ZJ', 'value': 'Latin America & Caribbean '}","{'id': 'LAC', 'iso2code': 'XJ', 'value': 'Latin America & Caribbean (excluding high income)'}","{'id': 'LIC', 'iso2code': 'XM', 'value': 'Low income'}","{'id': 'IDX', 'iso2code': 'XI', 'value': 'IDA'}",Port-au-Prince,-72.3288,18.5392
HUN,HU,Hungary,"{'id': 'ECS', 'iso2code': 'Z7', 'value': 'Europe & Central Asia'}","{'id': '', 'iso2code': '', 'value': ''}","{'id': 'HIC', 'iso2code': 'XD', 'value': 'High income'}","{'id': 'LNX', 'iso2code': 'XX', 'value': 'Not classified'}",Budapest,19.0408,47.4984
IBB,ZB,"IBRD, including blend","{'id': 'NA', 'iso2code': 'NA', 'value': 'Aggregates'}","{'id': '', 'iso2code': '', 'value': ''}","{'id': 'NA', 'iso2code': 'NA', 'value': 'Aggregates'}","{'id': '', 'iso2code': '', 'value': 'Aggregates'}",,,
IBD,XF,IBRD only,"{'id': 'NA', 'iso2code': 'NA', 'value': 'Aggregates'}","{'id': '', 'iso2code': '', 'value': ''}","{'id': 'NA', 'iso2code': 'NA', 'value': 'Aggregates'}","{'id': '', 'iso2code': '', 'value': 'Aggregates'}",,,
IBT,ZT,IDA & IBRD total,"{'id': 'NA', 'iso2code': 'NA', 'value': 'Aggregates'}","{'id': '', 'iso2code': '', 'value': ''}","{'id': 'NA', 'iso2code': 'NA', 'value': 'Aggregates'}","{'id': '', 'iso2code': '', 'value': 'Aggregates'}",,,
IDA,XG,IDA total,"{'id': 'NA', 'iso2code': 'NA', 'value': 'Aggregates'}","{'id': '', 'iso2code': '', 'value': ''}","{'id': 'NA', 'iso2code': 'NA', 'value': 'Aggregates'}","{'id': '', 'iso2code': '', 'value': 'Aggregates'}",,,
IDB,XH,IDA blend,"{'id': 'NA', 'iso2code': 'NA', 'value': 'Aggregates'}","{'id': '', 'iso2code': '', 'value': ''}","{'id': 'NA', 'iso2code': 'NA', 'value': 'Aggregates'}","{'id': '', 'iso2code': '', 'value': 'Aggregates'}",,,
IDN,ID,Indonesia,"{'id': 'EAS', 'iso2code': 'Z4', 'value': 'East Asia & Pacific'}","{'id': 'EAP', 'iso2code': '4E', 'value': 'East Asia & Pacific (excluding high income)'}","{'id': 'LMC', 'iso2code': 'XN', 'value': 'Lower middle income'}","{'id': 'IBD', 'iso2code': 'XF', 'value': 'IBRD'}",Jakarta,106.83,-6.19752
IDX,XI,IDA only,"{'id': 'NA', 'iso2code': 'NA', 'value': 'Aggregates'}","{'id': '', 'iso2code': '', 'value': ''}","{'id': 'NA', 'iso2code': 'NA', 'value': 'Aggregates'}","{'id': '', 'iso2code': '', 'value': 'Aggregates'}",,,
IMN,IM,Isle of Man,"{'id': 'ECS', 'iso2code': 'Z7', 'value': 'Europe & Central Asia'}","{'id': '', 'iso2code': '', 'value': ''}","{'id': 'HIC', 'iso2code': 'XD', 'value': 'High income'}","{'id': 'LNX', 'iso2code': 'XX', 'value': 'Not classified'}",Douglas,-4.47928,54.1509
IND,IN,India,"{'id': 'SAS', 'iso2code': '8S', 'value': 'South Asia'}","{'id': 'SAS', 'iso2code': '8S', 'value': 'South Asia'}","{'id': 'LMC', 'iso2code': 'XN', 'value': 'Lower middle income'}","{'id': 'IBD', 'iso2code': 'XF', 'value': 'IBRD'}",New Delhi,77.225,28.6353
INX,XY,Not classified,"{'id': 'NA', 'iso2code': 'NA', 'value': 'Aggregates'}","{'id': '', 'iso2code': '', 'value': ''}","{'id': 'NA', 'iso2code': 'NA', 'value': 'Aggregates'}","{'id': '', 'iso2code': '', 'value': 'Aggregates'}",,,
IRL,IE,Ireland,"{'id': 'ECS', 'iso2code': 'Z7', 'value': 'Europe & Central Asia'}","{'id': '', 'iso2code': '', 'value': ''}","{'id': 'HIC', 'iso2code': 'XD', 'value': 'High income'}","{'id': 'LNX', 'iso2code': 'XX', 'value': 'Not classified'}",Dublin,-6.26749,53.3441
IRN,IR,"Iran, Islamic Rep.","{'id': 'MEA', 'iso2code': 'ZQ', 'value': 'Middle East & North Africa'}","{'id': 'MNA', 'iso2code': 'XQ', 'value': 'Middle East & North Africa (excluding high income)'}","{'id': 'UMC', 'iso2code': 'XT', 'value': 'Upper middle income'}","{'id': 'IBD', 'iso2code': 'XF', 'value': 'IBRD'}",Tehran,51.4447,35.6878
IRQ,IQ,Iraq,"{'id': 'MEA', 'iso2code': 'ZQ', 'value': 'Middle East & North Africa'}","{'id': 'MNA', 'iso2code': 'XQ', 'value': 'Middle East & North Africa (excluding high income)'}","{'id': 'UMC', 'iso2code': 'XT', 'value': 'Upper middle income'}","{'id': 'IBD', 'iso2code': 'XF', 'value': 'IBRD'}",Baghdad,44.394,33.3302
ISL,IS,Iceland,"{'id': 'ECS', 'iso2code': 'Z7', 'value': 'Europe & Central Asia'}","{'id': '', 'iso2code': '', 'value': ''}","{'id': 'HIC', 'iso2code': 'XD', 'value': 'High income'}","{'id': 'LNX', 'iso2code': 'XX', 'value': 'Not classified'}",Reykjavik,-21.8952,64.1353
ISR,IL,Israel,"{'id': 'MEA', 'iso2code': 'ZQ', 'value': 'Middle East & North Africa'}","{'id': '', 'iso2code': '', 'value': ''}","{'id': 'HIC', 'iso2code': 'XD', 'value': 'High income'}","{'id': 'LNX', 'iso2code': 'XX', 'value': 'Not classified'}",,35.2035,31.7717
ITA,IT,Italy,"{'id': 'ECS', 'iso2code': 'Z7', 'value': 'Europe & Central Asia'}","{'id': '', 'iso2code': '', 'value': ''}","{'id': 'HIC', 'iso2code': 'XD', 'value': 'High income'}","{'id': 'LNX', 'iso2code': 'XX', 'value': 'Not classified'}",Rome,12.4823,41.8955
JAM,JM,Jamaica,"{'id': 'LCN', 'iso2code': 'ZJ', 'value': 'Latin America & Caribbean '}","{'id': 'LAC', 'iso2code': 'XJ', 'value': 'Latin America & Caribbean (excluding high income)'}","{'id': 'UMC', 'iso2code': 'XT', 'value': 'Upper middle income'}","{'id': 'IBD', 'iso2code': 'XF', 'value': 'IBRD'}",Kingston,-76.792,17.9927
JOR,JO,Jordan,"{'id': 'MEA', 'iso2code': 'ZQ', 'value': 'Middle East & North Africa'}","{'id': 'MNA', 'iso2code': 'XQ', 'value': 'Middle East & North Africa (excluding high income)'}","{'id': 'UMC', 'iso2code': 'XT', 'value': 'Upper middle income'}","{'id': 'IBD', 'iso2code': 'XF', 'value': 'IBRD'}",Amman,35.9263,31.9497
JPN,JP,Japan,"{'id': 'EAS', 'iso2code': 'Z4', 'value': 'East Asia & Pacific'}","{'id': '', 'iso2code': '', 'value': ''}","{'id': 'HIC', 'iso2code': 'XD', 'value': 'High income'}","{'id': 'LNX', 'iso2code': 'XX', 'value': 'Not classified'}",Tokyo,139.77,35.67
KAZ,KZ,Kazakhstan,"{'id': 'ECS', 'iso2code': 'Z7', 'value': 'Europe & Central Asia'}","{'id': 'ECA', 'iso2code': '7E', 'value': 'Europe & Central Asia (excluding high income)'}","{'id': 'UMC', 'iso2code': 'XT', 'value': 'Upper middle income'}","{'id': 'IBD', 'iso2code': 'XF', 'value': 'IBRD'}",Astana,71.4382,51.1879
KEN,KE,Kenya,"{'id': 'SSF', 'iso2code': 'ZG', 'value': 'Sub-Saharan Africa '}","{'id': 'SSA', 'iso2code': 'ZF', 'value': 'Sub-Saharan Africa (excluding high income)'}","{'id': 'LMC', 'iso2code': 'XN', 'value': 'Lower middle income'}","{'id': 'IDB', 'iso2code': 'XH', 'value': 'Blend'}",Nairobi,36.8126,-1.27975
KGZ,KG,Kyrgyz Republic,"{'id': 'ECS', 'iso2code': 'Z7', 'value': 'Europe & Central Asia'}","{'id': 'ECA', 'iso2code': '7E', 'value': 'Europe & Central Asia (excluding high income)'}","{'id': 'LMC', 'iso2code': 'XN', 'value': 'Lower middle income'}","{'id': 'IDX', 'iso2code': 'XI', 'value': 'IDA'}",Bishkek,74.6057,42.8851
KHM,KH,Cambodia,"{'id': 'EAS', 'iso2code': 'Z4', 'value': 'East Asia & Pacific'}","{'id': 'EAP', 'iso2code': '4E', 'value': 'East Asia & Pacific (excluding high income)'}","{'id': 'LMC', 'iso2code': 'XN', 'value': 'Lower middle income'}","{'id': 'IDX', 'iso2code': 'XI', 'value': 'IDA'}",Phnom Penh,104.874,11.5556
KIR,KI,Kiribati,"{'id': 'EAS', 'iso2code': 'Z4', 'value': 'East Asia & Pacific'}","{'id': 'EAP', 'iso2code': '4E', 'value': 'East Asia & Pacific (excluding high income)'}","{'id': 'LMC', 'iso2code': 'XN', 'value': 'Lower middle income'}","{'id': 'IDX', 'iso2code': 'XI', 'value': 'IDA'}",Tarawa,172.979,1.32905
KNA,KN,St. Kitts and Nevis,"{'id': 'LCN', 'iso2code': 'ZJ', 'value': 'Latin America & Caribbean '}","{'id': '', 'iso2code': '', 'value': ''}","{'id': 'HIC', 'iso2code': 'XD', 'value': 'High income'}","{'id': 'IBD', 'iso2code': 'XF', 'value': 'IBRD'}",Basseterre,-62.7309,17.3
KOR,KR,"Korea, Rep.","{'id': 'EAS', 'iso2code': 'Z4', 'value': 'East Asia & Pacific'}","{'id': '', 'iso2code': '', 'value': ''}","{'id': 'HIC', 'iso2code': 'XD', 'value': 'High income'}","{'id': 'LNX', 'iso2code': 'XX', 'value': 'Not classified'}",Seoul,126.957,37.5323
KWT,KW,Kuwait,"{'id': 'MEA', 'iso2code': 'ZQ', 'value': 'Middle East & North Africa'}","{'id': '', 'iso2code': '', 'value': ''}","{'id': 'HIC', 'iso2code': 'XD', 'value': 'High income'}","{'id': 'LNX', 'iso2code': 'XX', 'value': 'Not classified'}",Kuwait City,47.9824,29.3721
LAC,XJ,Latin America & Caribbean (excluding high income),"{'id': 'NA', 'iso2code': 'NA', 'value': 'Aggregates'}","{'id': '', 'iso2code': '', 'value': ''}","{'id': 'NA', 'iso2code': 'NA', 'value': 'Aggregates'}","{'id': '', 'iso2code': '', 'value': 'Aggregates'}",,,
LAO,LA,Lao PDR,"{'id': 'EAS', 'iso2code': 'Z4', 'value': 'East Asia & Pacific'}","{'id': 'EAP', 'iso2code': '4E', 'value': 'East Asia & Pacific (excluding high income)'}","{'id': 'LMC', 'iso2code': 'XN', 'value': 'Lower middle income'}","{'id': 'IDX', 'iso2code': 'XI', 'value': 'IDA'}",Vientiane,102.177,18.5826
LBN,LB,Lebanon,"{'id': 'MEA', 'iso2code': 'ZQ', 'value': 'Middle East & North Africa'}","{'id': 'MNA', 'iso2code': 'XQ', 'value': 'Middle East & North Africa (excluding high income)'}","{'id': 'UMC', 'iso2code': 'XT', 'value': 'Upper middle income'}","{'id': 'IBD', 'iso2code': 'XF', 'value': 'IBRD'}",Beirut,35.5134,33.8872
LBR,LR,Liberia,"{'id': 'SSF', 'iso2code': 'ZG', 'value': 'Sub-Saharan Africa '}","{'id': 'SSA', 'iso2code': 'ZF', 'value': 'Sub-Saharan Africa (excluding high income)'}","{'id': 'LIC', 'iso2code': 'XM', 'value': 'Low income'}","{'id': 'IDX', 'iso2code': 'XI', 'value': 'IDA'}",Monrovia,-10.7957,6.30039
LBY,LY,Libya,"{'id': 'MEA', 'iso2code': 'ZQ', 'value': 'Middle East & North Africa'}","{'id': 'MNA', 'iso2code': 'XQ', 'value': 'Middle East & North Africa (excluding high income)'}","{'id': 'UMC', 'iso2code': 'XT', 'value': 'Upper middle income'}","{'id': 'IBD', 'iso2code': 'XF', 'value': 'IBRD'}",Tripoli,13.1072,32.8578
LCA,LC,St. Lucia,"{'id': 'LCN', 'iso2code': 'ZJ', 'value': 'Latin America & Caribbean '}","{'id': 'LAC', 'iso2code': 'XJ', 'value': 'Latin America & Caribbean (excluding high income)'}","{'id': 'UMC', 'iso2code': 'XT', 'value': 'Upper middle income'}","{'id': 'IDB', 'iso2code': 'XH', 'value': 'Blend'}",Castries,-60.9832,14
LCN,ZJ,Latin America & Caribbean ,"{'id': 'NA', 'iso2code': 'NA', 'value': 'Aggregates'}","{'id': '', 'iso2code': '', 'value': ''}","{'id': 'NA', 'iso2code': 'NA', 'value': 'Aggregates'}","{'id': '', 'iso2code': '', 'value': 'Aggregates'}",,,
LCR,L4,Latin America and the Caribbean,"{'id': 'NA', 'iso2code': 'NA', 'value': 'Aggregates'}","{'id': '', 'iso2code': '', 'value': ''}","{'id': 'NA', 'iso2code': 'NA', 'value': 'Aggregates'}","{'id': '', 'iso2code': '', 'value': 'Aggregates'}",,,
LDC,XL,Least developed countries: UN classification,"{'id': 'NA', 'iso2code': 'NA', 'value': 'Aggregates'}","{'id': '', 'iso2code': '', 'value': ''}","{'id': 'NA', 'iso2code': 'NA', 'value': 'Aggregates'}","{'id': '', 'iso2code': '', 'value': 'Aggregates'}",,,
LIC,XM,Low income,"{'id': 'NA', 'iso2code': 'NA', 'value': 'Aggregates'}","{'id': '', 'iso2code': '', 'value': ''}","{'id': 'NA', 'iso2code': 'NA', 'value': 'Aggregates'}","{'id': '', 'iso2code': '', 'value': 'Aggregates'}",,,
LIE,LI,Liechtenstein,"{'id': 'ECS', 'iso2code': 'Z7', 'value': 'Europe & Central Asia'}","{'id': '', 'iso2code': '', 'value': ''}","{'id': 'HIC', 'iso2code': 'XD', 'value': 'High income'}","{'id': 'LNX', 'iso2code': 'XX', 'value': 'Not classified'}",Vaduz,9.52148,47.1411
LKA,LK,Sri Lanka,"{'id': 'SAS', 'iso2code': '8S', 'value': 'South Asia'}","{'id': 'SAS', 'iso2code': '8S', 'value': 'South Asia'}","{'id': 'UMC', 'iso2code': 'XT', 'value': 'Upper middle income'}","{'id': 'IBD', 'iso2code': 'XF', 'value': 'IBRD'}",Colombo,79.8528,6.92148
LMC,XN,Lower middle income,"{'id': 'NA', 'iso2code': 'NA', 'value': 'Aggregates'}","{'id': '', 'iso2code': '', 'value': ''}","{'id': 'NA', 'iso2code': 'NA', 'value': 'Aggregates'}","{'id': '', 'iso2code': '', 'value': 'Aggregates'}",,,
LMY,XO,Low & middle income,"{'id': 'NA', 'iso2code': 'NA', 'value': 'Aggregates'}","{'id': '', 'iso2code': '', 'value': ''}","{'id': 'NA', 'iso2code': 'NA', 'value': 'Aggregates'}","{'id': '', 'iso2code': '', 'value': 'Aggregates'}",,,
LSO,LS,Lesotho,"{'id': 'SSF', 'iso2code': 'ZG', 'value': 'Sub-Saharan Africa '}","{'id': 'SSA', 'iso2code': 'ZF', 'value': 'Sub-Saharan Africa (excluding high income)'}","{'id': 'LMC', 'iso2code': 'XN', 'value': 'Lower middle income'}","{'id': 'IDX', 'iso2code': 'XI', 'value': 'IDA'}",Maseru,27.7167,-29.5208
LTE,V3,Late-demographic dividend,"{'id': 'NA', 'iso2code': 'NA', 'value': 'Aggregates'}","{'id': '', 'iso2code': '', 'value': ''}","{'id': 'NA', 'iso2code': 'NA', 'value': 'Aggregates'}","{'id': '', 'iso2code': '', 'value': 'Aggregates'}",,,
LTU,LT,Lithuania,"{'id': 'ECS', 'iso2code': 'Z7', 'value': 'Europe & Central Asia'}","{'id': '', 'iso2code': '', 'value': ''}","{'id': 'HIC', 'iso2code': 'XD', 'value': 'High income'}","{'id': 'LNX', 'iso2code': 'XX', 'value': 'Not classified'}",Vilnius,25.2799,54.6896
LUX,LU,Luxembourg,"{'id': 'ECS', 'iso2code': 'Z7', 'value': 'Europe & Central Asia'}","{'id': '', 'iso2code': '', 'value': ''}","{'id': 'HIC', 'iso2code': 'XD', 'value': 'High income'}","{'id': 'LNX', 'iso2code': 'XX', 'value': 'Not classified'}",Luxembourg,6.1296,49.61
LVA,LV,Latvia,"{'id': 'ECS', 'iso2code': 'Z7', 'value': 'Europe & Central Asia'}","{'id': '', 'iso2code': '', 'value': ''}","{'id': 'HIC', 'iso2code': 'XD', 'value': 'High income'}","{'id': 'LNX', 'iso2code': 'XX', 'value': 'Not classified'}",Riga,24.1048,56.9465
MAC,MO,"Macao SAR, China","{'id': 'EAS', 'iso2code': 'Z4', 'value': 'East Asia & Pacific'}","{'id': '', 'iso2code': '', 'value': ''}","{'id': 'HIC', 'iso2code': 'XD', 'value': 'High income'}","{'id': 'LNX', 'iso2code': 'XX', 'value': 'Not classified'}",,113.55,22.1667
MAF,MF,St. Martin (French part),"{'id': 'LCN', 'iso2code': 'ZJ', 'value': 'Latin America & Caribbean '}","{'id': '', 'iso2code': '', 'value': ''}","{'id': 'HIC', 'iso2code': 'XD', 'value': 'High income'}","{'id': 'LNX', 'iso2code': 'XX', 'value': 'Not classified'}",Marigot,,
MAR,MA,Morocco,"{'id': 'MEA', 'iso2code': 'ZQ', 'value': 'Middle East & North Africa'}","{'id': 'MNA', 'iso2code': 'XQ', 'value': 'Middle East & North Africa (excluding high income)'}","{'id': 'LMC', 'iso2code': 'XN', 'value': 'Lower middle income'}","{'id': 'IBD', 'iso2code': 'XF', 'value': 'IBRD'}",Rabat,-6.8704,33.9905
MCA,L6,Central America,"{'id': 'NA', 'iso2code': 'NA', 'value': 'Aggregates'}","{'id': '', 'iso2code': '', 'value': ''}","{'id': 'NA', 'iso2code': 'NA', 'value': 'Aggregates'}","{'id': '', 'iso2code': '', 'value': 'Aggregates'}",,,
MCO,MC,Monaco,"{'id': 'ECS', 'iso2code': 'Z7', 'value': 'Europe & Central Asia'}","{'id': '', 'iso2code': '', 'value': ''}","{'id': 'HIC', 'iso2code': 'XD', 'value': 'High income'}","{'id': 'LNX', 'iso2code': 'XX', 'value': 'Not classified'}",Monaco,7.41891,43.7325
MDA,MD,Moldova,"{'id': 'ECS', 'iso2code': 'Z7', 'value': 'Europe & Central Asia'}","{'id': 'ECA', 'iso2code': '7E', 'value': 'Europe & Central Asia (excluding high income)'}","{'id': 'LMC', 'iso2code': 'XN', 'value': 'Lower middle income'}","{'id': 'IDB', 'iso2code': 'XH', 'value': 'Blend'}",Chisinau,28.8497,47.0167
MDE,M1,Middle East (developing only),"{'id': 'NA', 'iso2code': 'NA', 'value': 'Aggregates'}","{'id': '', 'iso2code': '', 'value': ''}","{'id': 'NA', 'iso2code': 'NA', 'value': 'Aggregates'}","{'id': '', 'iso2code': '', 'value': 'Aggregates'}",,,
MDG,MG,Madagascar,"{'id': 'SSF', 'iso2code': 'ZG', 'value': 'Sub-Saharan Africa '}","{'id': 'SSA', 'iso2code': 'ZF', 'value': 'Sub-Saharan Africa (excluding high income)'}","{'id': 'LIC', 'iso2code': 'XM', 'value': 'Low income'}","{'id': 'IDX', 'iso2code': 'XI', 'value': 'IDA'}",Antananarivo,45.7167,-20.4667
MDV,MV,Maldives,"{'id': 'SAS', 'iso2code': '8S', 'value': 'South Asia'}","{'id': 'SAS', 'iso2code': '8S', 'value': 'South Asia'}","{'id': 'UMC', 'iso2code': 'XT', 'value': 'Upper middle income'}","{'id': 'IDX', 'iso2code': 'XI', 'value': 'IDA'}",Male,73.5109,4.1742
MEA,ZQ,Middle East & North Africa,"{'id': 'NA', 'iso2code': 'NA', 'value': 'Aggregates'}","{'id': '', 'iso2code': '', 'value': ''}","{'id': 'NA', 'iso2code': 'NA', 'value': 'Aggregates'}","{'id': '', 'iso2code': '', 'value': 'Aggregates'}",,,
MEX,MX,Mexico,"{'id': 'LCN', 'iso2code': 'ZJ', 'value': 'Latin America & Caribbean '}","{'id': 'LAC', 'iso2code': 'XJ', 'value': 'Latin America & Caribbean (excluding high income)'}","{'id': 'UMC', 'iso2code': 'XT', 'value': 'Upper middle income'}","{'id': 'IBD', 'iso2code': 'XF', 'value': 'IBRD'}",Mexico City,-99.1276,19.427
MHL,MH,Marshall Islands,"{'id': 'EAS', 'iso2code': 'Z4', 'value': 'East Asia & Pacific'}","{'id': 'EAP', 'iso2code': '4E', 'value': 'East Asia & Pacific (excluding high income)'}","{'id': 'UMC', 'iso2code': 'XT', 'value': 'Upper middle income'}","{'id': 'IDX', 'iso2code': 'XI', 'value': 'IDA'}",Majuro,171.135,7.11046
MIC,XP,Middle income,"{'id': 'NA', 'iso2code': 'NA', 'value': 'Aggregates'}","{'id': '', 'iso2code': '', 'value': ''}","{'id': 'NA', 'iso2code': 'NA', 'value': 'Aggregates'}","{'id': '', 'iso2code': '', 'value': 'Aggregates'}",,,
MKD,MK,North Macedonia,"{'id': 'ECS', 'iso2code': 'Z7', 'value': 'Europe & Central Asia'}","{'id': 'ECA', 'iso2code': '7E', 'value': 'Europe & Central Asia (excluding high income)'}","{'id': 'UMC', 'iso2code': 'XT', 'value': 'Upper middle income'}","{'id': 'IBD', 'iso2code': 'XF', 'value': 'IBRD'}",Skopje,21.4361,42.0024
MLI,ML,Mali,"{'id': 'SSF', 'iso2code': 'ZG', 'value': 'Sub-Saharan Africa '}","{'id': 'SSA', 'iso2code': 'ZF', 'value': 'Sub-Saharan Africa (excluding high income)'}","{'id': 'LIC', 'iso2code': 'XM', 'value': 'Low income'}","{'id': 'IDX', 'iso2code': 'XI', 'value': 'IDA'}",Bamako,-7.50034,13.5667
MLT,MT,Malta,"{'id': 'MEA', 'iso2code': 'ZQ', 'value': 'Middle East & North Africa'}","{'id': '', 'iso2code': '', 'value': ''}","{'id': 'HIC', 'iso2code': 'XD', 'value': 'High income'}","{'id': 'LNX', 'iso2code': 'XX', 'value': 'Not classified'}",Valletta,14.5189,35.9042
MMR,MM,Myanmar,"{'id': 'EAS', 'iso2code': 'Z4', 'value': 'East Asia & Pacific'}","{'id': 'EAP', 'iso2code': '4E', 'value': 'East Asia & Pacific (excluding high income)'}","{'id': 'LMC', 'iso2code': 'XN', 'value': 'Lower middle income'}","{'id': 'IDX', 'iso2code': 'XI', 'value': 'IDA'}",Naypyidaw,95.9562,21.914
MNA,XQ,Middle East & North Africa (excluding high income),"{'id': 'NA', 'iso2code': 'NA', 'value': 'Aggregates'}","{'id': '', 'iso2code': '', 'value': ''}","{'id': 'NA', 'iso2code': 'NA', 'value': 'Aggregates'}","{'id': '', 'iso2code': '', 'value': 'Aggregates'}",,,
MNE,ME,Montenegro,"{'id': 'ECS', 'iso2code': 'Z7', 'value': 'Europe & Central Asia'}","{'id': 'ECA', 'iso2code': '7E', 'value': 'Europe & Central Asia (excluding high income)'}","{'id': 'UMC', 'iso2code': 'XT', 'value': 'Upper middle income'}","{'id': 'IBD', 'iso2code': 'XF', 'value': 'IBRD'}",Podgorica,19.2595,42.4602
MNG,MN,Mongolia,"{'id': 'EAS', 'iso2code': 'Z4', 'value': 'East Asia & Pacific'}","{'id': 'EAP', 'iso2code': '4E', 'value': 'East Asia & Pacific (excluding high income)'}","{'id': 'LMC', 'iso2code': 'XN', 'value': 'Lower middle income'}","{'id': 'IDB', 'iso2code': 'XH', 'value': 'Blend'}",Ulaanbaatar,106.937,47.9129
MNP,MP,Northern Mariana Islands,"{'id': 'EAS', 'iso2code': 'Z4', 'value': 'East Asia & Pacific'}","{'id': '', 'iso2code': '', 'value': ''}","{'id': 'HIC', 'iso2code': 'XD', 'value': 'High income'}","{'id': 'LNX', 'iso2code': 'XX', 'value': 'Not classified'}",Saipan,145.765,15.1935
MOZ,MZ,Mozambique,"{'id': 'SSF', 'iso2code': 'ZG', 'value': 'Sub-Saharan Africa '}","{'id': 'SSA', 'iso2code': 'ZF', 'value': 'Sub-Saharan Africa (excluding high income)'}","{'id': 'LIC', 'iso2code': 'XM', 'value': 'Low income'}","{'id': 'IDX', 'iso2code': 'XI', 'value': 'IDA'}",Maputo,32.5713,-25.9664
MRT,MR,Mauritania,"{'id': 'SSF', 'iso2code': 'ZG', 'value': 'Sub-Saharan Africa '}","{'id': 'SSA', 'iso2code': 'ZF', 'value': 'Sub-Saharan Africa (excluding high income)'}","{'id': 'LMC', 'iso2code': 'XN', 'value': 'Lower middle income'}","{'id': 'IDX', 'iso2code': 'XI', 'value': 'IDA'}",Nouakchott,-15.9824,18.2367
MUS,MU,Mauritius,"{'id': 'SSF', 'iso2code': 'ZG', 'value': 'Sub-Saharan Africa '}","{'id': 'SSA', 'iso2code': 'ZF', 'value': 'Sub-Saharan Africa (excluding high income)'}","{'id': 'UMC', 'iso2code': 'XT', 'value': 'Upper middle income'}","{'id': 'IBD', 'iso2code': 'XF', 'value': 'IBRD'}",Port Louis,57.4977,-20.1605
MWI,MW,Malawi,"{'id': 'SSF', 'iso2code': 'ZG', 'value': 'Sub-Saharan Africa '}","{'id': 'SSA', 'iso2code': 'ZF', 'value': 'Sub-Saharan Africa (excluding high income)'}","{'id': 'LIC', 'iso2code': 'XM', 'value': 'Low income'}","{'id': 'IDX', 'iso2code': 'XI', 'value': 'IDA'}",Lilongwe,33.7703,-13.9899
MYS,MY,Malaysia,"{'id': 'EAS', 'iso2code': 'Z4', 'value': 'East Asia & Pacific'}","{'id': 'EAP', 'iso2code': '4E', 'value': 'East Asia & Pacific (excluding high income)'}","{'id': 'UMC', 'iso2code': 'XT', 'value': 'Upper middle income'}","{'id': 'IBD', 'iso2code': 'XF', 'value': 'IBRD'}",Kuala Lumpur,101.684,3.12433
NAC,XU,North America,"{'id': 'NA', 'iso2code': 'NA', 'value': 'Aggregates'}","{'id': '', 'iso2code': '', 'value': ''}","{'id': 'NA', 'iso2code': 'NA', 'value': 'Aggregates'}","{'id': '', 'iso2code': '', 'value': 'Aggregates'}",,,
NAF,M2,North Africa,"{'id': 'NA', 'iso2code': 'NA', 'value': 'Aggregates'}","{'id': '', 'iso2code': '', 'value': ''}","{'id': 'NA', 'iso2code': 'NA', 'value': 'Aggregates'}","{'id': '', 'iso2code': '', 'value': 'Aggregates'}",,,
NAM,NA,Namibia,"{'id': 'SSF', 'iso2code': 'ZG', 'value': 'Sub-Saharan Africa '}","{'id': 'SSA', 'iso2code': 'ZF', 'value': 'Sub-Saharan Africa (excluding high income)'}","{'id': 'UMC', 'iso2code': 'XT', 'value': 'Upper middle income'}","{'id': 'IBD', 'iso2code': 'XF', 'value': 'IBRD'}",Windhoek,17.0931,-22.5648
NCL,NC,New Caledonia,"{'id': 'EAS', 'iso2code': 'Z4', 'value': 'East Asia & Pacific'}","{'id': '', 'iso2code': '', 'value': ''}","{'id': 'HIC', 'iso2code': 'XD', 'value': 'High income'}","{'id': 'LNX', 'iso2code': 'XX', 'value': 'Not classified'}",Noum'ea,166.464,-22.2677
NER,NE,Niger,"{'id': 'SSF', 'iso2code': 'ZG', 'value': 'Sub-Saharan Africa '}","{'id': 'SSA', 'iso2code': 'ZF', 'value': 'Sub-Saharan Africa (excluding high income)'}","{'id': 'LIC', 'iso2code': 'XM', 'value': 'Low income'}","{'id': 'IDX', 'iso2code': 'XI', 'value': 'IDA'}",Niamey,2.1073,13.514
NGA,NG,Nigeria,"{'id': 'SSF', 'iso2code': 'ZG', 'value': 'Sub-Saharan Africa '}","{'id': 'SSA', 'iso2code': 'ZF', 'value': 'Sub-Saharan Africa (excluding high income)'}","{'id': 'LMC', 'iso2code': 'XN', 'value': 'Lower middle income'}","{'id': 'IDB', 'iso2code': 'XH', 'value': 'Blend'}",Abuja,7.48906,9.05804
NIC,NI,Nicaragua,"{'id': 'LCN', 'iso2code': 'ZJ', 'value': 'Latin America & Caribbean '}","{'id': 'LAC', 'iso2code': 'XJ', 'value': 'Latin America & Caribbean (excluding high income)'}","{'id': 'LMC', 'iso2code': 'XN', 'value': 'Lower middle income'}","{'id': 'IDX', 'iso2code': 'XI', 'value': 'IDA'}",Managua,-86.2734,12.1475
NLD,NL,Netherlands,"{'id': 'ECS', 'iso2code': 'Z7', 'value': 'Europe & Central Asia'}","{'id': '', 'iso2code': '', 'value': ''}","{'id': 'HIC', 'iso2code': 'XD', 'value': 'High income'}","{'id': 'LNX', 'iso2code': 'XX', 'value': 'Not classified'}",Amsterdam,4.89095,52.3738
NLS,6L,"Non-resource rich Sub-Saharan Africa countries, of which landlocked","{'id': 'NA', 'iso2code': 'NA', 'value': 'Aggregates'}","{'id': '', 'iso2code': '', 'value': ''}","{'id': 'NA', 'iso2code': 'NA', 'value': 'Aggregates'}","{'id': '', 'iso2code': '', 'value': 'Aggregates'}",,,
NOR,NO,Norway,"{'id': 'ECS', 'iso2code': 'Z7', 'value': 'Europe & Central Asia'}","{'id': '', 'iso2code': '', 'value': ''}","{'id': 'HIC', 'iso2code': 'XD', 'value': 'High income'}","{'id': 'LNX', 'iso2code': 'XX', 'value': 'Not classified'}",Oslo,10.7387,59.9138
NPL,NP,Nepal,"{'id': 'SAS', 'iso2code': '8S', 'value': 'South Asia'}","{'id': 'SAS', 'iso2code': '8S', 'value': 'South Asia'}","{'id': 'LIC', 'iso2code': 'XM', 'value': 'Low income'}","{'id': 'IDX', 'iso2code': 'XI', 'value': 'IDA'}",Kathmandu,85.3157,27.6939
NRS,6X,Non-resource rich Sub-Saharan Africa countries,"{'id': 'NA', 'iso2code': 'NA', 'value': 'Aggregates'}","{'id': '', 'iso2code': '', 'value': ''}","{'id': 'NA', 'iso2code': 'NA', 'value': 'Aggregates'}","{'id': '', 'iso2code': '', 'value': 'Aggregates'}",,,
NRU,NR,Nauru,"{'id': 'EAS', 'iso2code': 'Z4', 'value': 'East Asia & Pacific'}","{'id': 'EAP', 'iso2code': '4E', 'value': 'East Asia & Pacific (excluding high income)'}","{'id': 'UMC', 'iso2code': 'XT', 'value': 'Upper middle income'}","{'id': 'IBD', 'iso2code': 'XF', 'value': 'IBRD'}",Yaren District,166.920867,-0.5477
NXS,6N,"IDA countries not classified as fragile situations, excluding Sub-Saharan Africa","{'id': 'NA', 'iso2code': 'NA', 'value': 'Aggregates'}","{'id': '', 'iso2code': '', 'value': ''}","{'id': 'NA', 'iso2code': 'NA', 'value': 'Aggregates'}","{'id': '', 'iso2code': '', 'value': 'Aggregates'}",,,
NZL,NZ,New Zealand,"{'id': 'EAS', 'iso2code': 'Z4', 'value': 'East Asia & Pacific'}","{'id': '', 'iso2code': '', 'value': ''}","{'id': 'HIC', 'iso2code': 'XD', 'value': 'High income'}","{'id': 'LNX', 'iso2code': 'XX', 'value': 'Not classified'}",Wellington,174.776,-41.2865
OED,OE,OECD members,"{'id': 'NA', 'iso2code': 'NA', 'value': 'Aggregates'}","{'id': '', 'iso2code': '', 'value': ''}","{'id': 'NA', 'iso2code': 'NA', 'value': 'Aggregates'}","{'id': '', 'iso2code': '', 'value': 'Aggregates'}",,,
OMN,OM,Oman,"{'id': 'MEA', 'iso2code': 'ZQ', 'value': 'Middle East & North Africa'}","{'id': '', 'iso2code': '', 'value': ''}","{'id': 'HIC', 'iso2code': 'XD', 'value': 'High income'}","{'id': 'LNX', 'iso2code': 'XX', 'value': 'Not classified'}",Muscat,58.5874,23.6105
OSS,S4,Other small states,"{'id': 'NA', 'iso2code': 'NA', 'value': 'Aggregates'}","{'id': '', 'iso2code': '', 'value': ''}","{'id': 'NA', 'iso2code': 'NA', 'value': 'Aggregates'}","{'id': '', 'iso2code': '', 'value': 'Aggregates'}",,,
PAK,PK,Pakistan,"{'id': 'SAS', 'iso2code': '8S', 'value': 'South Asia'}","{'id': 'SAS', 'iso2code': '8S', 'value': 'South Asia'}","{'id': 'LMC', 'iso2code': 'XN', 'value': 'Lower middle income'}","{'id': 'IDB', 'iso2code': 'XH', 'value': 'Blend'}",Islamabad,72.8,30.5167
PAN,PA,Panama,"{'id': 'LCN', 'iso2code': 'ZJ', 'value': 'Latin America & Caribbean '}","{'id': '', 'iso2code': '', 'value': ''}","{'id': 'HIC', 'iso2code': 'XD', 'value': 'High income'}","{'id': 'IBD', 'iso2code': 'XF', 'value': 'IBRD'}",Panama City,-79.5188,8.99427
PER,PE,Peru,"{'id': 'LCN', 'iso2code': 'ZJ', 'value': 'Latin America & Caribbean '}","{'id': 'LAC', 'iso2code': 'XJ', 'value': 'Latin America & Caribbean (excluding high income)'}","{'id': 'UMC', 'iso2code': 'XT', 'value': 'Upper middle income'}","{'id': 'IBD', 'iso2code': 'XF', 'value': 'IBRD'}",Lima,-77.0465,-12.0931
PHL,PH,Philippines,"{'id': 'EAS', 'iso2code': 'Z4', 'value': 'East Asia & Pacific'}","{'id': 'EAP', 'iso2code': '4E', 'value': 'East Asia & Pacific (excluding high income)'}","{'id': 'LMC', 'iso2code': 'XN', 'value': 'Lower middle income'}","{'id': 'IBD', 'iso2code': 'XF', 'value': 'IBRD'}",Manila,121.035,14.5515
PLW,PW,Palau,"{'id': 'EAS', 'iso2code': 'Z4', 'value': 'East Asia & Pacific'}","{'id': '', 'iso2code': '', 'value': ''}","{'id': 'HIC', 'iso2code': 'XD', 'value': 'High income'}","{'id': 'IBD', 'iso2code': 'XF', 'value': 'IBRD'}",Koror,134.479,7.34194
PNG,PG,Papua New Guinea,"{'id': 'EAS', 'iso2code': 'Z4', 'value': 'East Asia & Pacific'}","{'id': 'EAP', 'iso2code': '4E', 'value': 'East Asia & Pacific (excluding high income)'}","{'id': 'LMC', 'iso2code': 'XN', 'value': 'Lower middle income'}","{'id': 'IDB', 'iso2code': 'XH', 'value': 'Blend'}",Port Moresby,147.194,-9.47357
POL,PL,Poland,"{'id': 'ECS', 'iso2code': 'Z7', 'value': 'Europe & Central Asia'}","{'id': '', 'iso2code': '', 'value': ''}","{'id': 'HIC', 'iso2code': 'XD', 'value': 'High income'}","{'id': 'IBD', 'iso2code': 'XF', 'value': 'IBRD'}",Warsaw,21.02,52.26
PRE,V1,Pre-demographic dividend,"{'id': 'NA', 'iso2code': 'NA', 'value': 'Aggregates'}","{'id': '', 'iso2code': '', 'value': ''}","{'id': 'NA', 'iso2code': 'NA', 'value': 'Aggregates'}","{'id': '', 'iso2code': '', 'value': 'Aggregates'}",,,
PRI,PR,Puerto Rico,"{'id': 'LCN', 'iso2code': 'ZJ', 'value': 'Latin America & Caribbean '}","{'id': '', 'iso2code': '', 'value': ''}","{'id': 'HIC', 'iso2code': 'XD', 'value': 'High income'}","{'id': 'LNX', 'iso2code': 'XX', 'value': 'Not classified'}",San Juan,-66,18.23
PRK,KP,"Korea, Dem. Peoples Rep.","{'id': 'EAS', 'iso2code': 'Z4', 'value': 'East Asia & Pacific'}","{'id': 'EAP', 'iso2code': '4E', 'value': 'East Asia & Pacific (excluding high income)'}","{'id': 'LIC', 'iso2code': 'XM', 'value': 'Low income'}","{'id': 'LNX', 'iso2code': 'XX', 'value': 'Not classified'}",Pyongyang,125.754,39.0319
PRT,PT,Portugal,"{'id': 'ECS', 'iso2code': 'Z7', 'value': 'Europe & Central Asia'}","{'id': '', 'iso2code': '', 'value': ''}","{'id': 'HIC', 'iso2code': 'XD', 'value': 'High income'}","{'id': 'LNX', 'iso2code': 'XX', 'value': 'Not classified'}",Lisbon,-9.13552,38.7072
PRY,PY,Paraguay,"{'id': 'LCN', 'iso2code': 'ZJ', 'value': 'Latin America & Caribbean '}","{'id': 'LAC', 'iso2code': 'XJ', 'value': 'Latin America & Caribbean (excluding high income)'}","{'id': 'UMC', 'iso2code': 'XT', 'value': 'Upper middle income'}","{'id': 'IBD', 'iso2code': 'XF', 'value': 'IBRD'}",Asuncion,-57.6362,-25.3005
PSE,PS,West Bank and Gaza,"{'id': 'MEA', 'iso2code': 'ZQ', 'value': 'Middle East & North Africa'}","{'id': 'MNA', 'iso2code': 'XQ', 'value': 'Middle East & North Africa (excluding high income)'}","{'id': 'LMC', 'iso2code': 'XN', 'value': 'Lower middle income'}","{'id': 'LNX', 'iso2code': 'XX', 'value': 'Not classified'}",,,
PSS,S2,Pacific island small states,"{'id': 'NA', 'iso2code': 'NA', 'value': 'Aggregates'}","{'id': '', 'iso2code': '', 'value': ''}","{'id': 'NA', 'iso2code': 'NA', 'value': 'Aggregates'}","{'id': '', 'iso2code': '', 'value': 'Aggregates'}",,,
PST,V4,Post-demographic dividend,"{'id': 'NA', 'iso2code': 'NA', 'value': 'Aggregates'}","{'id': '', 'iso2code': '', 'value': ''}","{'id': 'NA', 'iso2code': 'NA', 'value': 'Aggregates'}","{'id': '', 'iso2code': '', 'value': 'Aggregates'}",,,
PYF,PF,French Polynesia,"{'id': 'EAS', 'iso2code': 'Z4', 'value': 'East Asia & Pacific'}","{'id': '', 'iso2code': '', 'value': ''}","{'id': 'HIC', 'iso2code': 'XD', 'value': 'High income'}","{'id': 'LNX', 'iso2code': 'XX', 'value': 'Not classified'}",Papeete,-149.57,-17.535
QAT,QA,Qatar,"{'id': 'MEA', 'iso2code': 'ZQ', 'value': 'Middle East & North Africa'}","{'id': '', 'iso2code': '', 'value': ''}","{'id': 'HIC', 'iso2code': 'XD', 'value': 'High income'}","{'id': 'LNX', 'iso2code': 'XX', 'value': 'Not classified'}",Doha,51.5082,25.2948
ROU,RO,Romania,"{'id': 'ECS', 'iso2code': 'Z7', 'value': 'Europe & Central Asia'}","{'id': 'ECA', 'iso2code': '7E', 'value': 'Europe & Central Asia (excluding high income)'}","{'id': 'UMC', 'iso2code': 'XT', 'value': 'Upper middle income'}","{'id': 'IBD', 'iso2code': 'XF', 'value': 'IBRD'}",Bucharest,26.0979,44.4479
RRS,R6,Resource rich Sub-Saharan Africa countries,"{'id': 'NA', 'iso2code': 'NA', 'value': 'Aggregates'}","{'id': '', 'iso2code': '', 'value': ''}","{'id': 'NA', 'iso2code': 'NA', 'value': 'Aggregates'}","{'id': '', 'iso2code': '', 'value': 'Aggregates'}",,,
RSO,O6,"Resource rich Sub-Saharan Africa countries, of which oil exporters","{'id': 'NA', 'iso2code': 'NA', 'value': 'Aggregates'}","{'id': '', 'iso2code': '', 'value': ''}","{'id': 'NA', 'iso2code': 'NA', 'value': 'Aggregates'}","{'id': '', 'iso2code': '', 'value': 'Aggregates'}",,,
RUS,RU,Russian Federation,"{'id': 'ECS', 'iso2code': 'Z7', 'value': 'Europe & Central Asia'}","{'id': 'ECA', 'iso2code': '7E', 'value': 'Europe & Central Asia (excluding high income)'}","{'id': 'UMC', 'iso2code': 'XT', 'value': 'Upper middle income'}","{'id': 'IBD', 'iso2code': 'XF', 'value': 'IBRD'}",Moscow,37.6176,55.7558
RWA,RW,Rwanda,"{'id': 'SSF', 'iso2code': 'ZG', 'value': 'Sub-Saharan Africa '}","{'id': 'SSA', 'iso2code': 'ZF', 'value': 'Sub-Saharan Africa (excluding high income)'}","{'id': 'LIC', 'iso2code': 'XM', 'value': 'Low income'}","{'id': 'IDX', 'iso2code': 'XI', 'value': 'IDA'}",Kigali,30.0587,-1.95325
SAS,8S,South Asia,"{'id': 'NA', 'iso2code': 'NA', 'value': 'Aggregates'}","{'id': '', 'iso2code': '', 'value': ''}","{'id': 'NA', 'iso2code': 'NA', 'value': 'Aggregates'}","{'id': '', 'iso2code': '', 'value': 'Aggregates'}",,,
SAU,SA,Saudi Arabia,"{'id': 'MEA', 'iso2code': 'ZQ', 'value': 'Middle East & North Africa'}","{'id': '', 'iso2code': '', 'value': ''}","{'id': 'HIC', 'iso2code': 'XD', 'value': 'High income'}","{'id': 'LNX', 'iso2code': 'XX', 'value': 'Not classified'}",Riyadh,46.6977,24.6748
SCE,L7,Southern Cone,"{'id': 'NA', 'iso2code': 'NA', 'value': 'Aggregates'}","{'id': '', 'iso2code': '', 'value': ''}","{'id': 'NA', 'iso2code': 'NA', 'value': 'Aggregates'}","{'id': '', 'iso2code': '', 'value': 'Aggregates'}",,,
SDN,SD,Sudan,"{'id': 'SSF', 'iso2code': 'ZG', 'value': 'Sub-Saharan Africa '}","{'id': 'SSA', 'iso2code': 'ZF', 'value': 'Sub-Saharan Africa (excluding high income)'}","{'id': 'LMC', 'iso2code': 'XN', 'value': 'Lower middle income'}","{'id': 'IDX', 'iso2code': 'XI', 'value': 'IDA'}",Khartoum,32.5363,15.5932
SEN,SN,Senegal,"{'id': 'SSF', 'iso2code': 'ZG', 'value': 'Sub-Saharan Africa '}","{'id': 'SSA', 'iso2code': 'ZF', 'value': 'Sub-Saharan Africa (excluding high income)'}","{'id': 'LMC', 'iso2code': 'XN', 'value': 'Lower middle income'}","{'id': 'IDX', 'iso2code': 'XI', 'value': 'IDA'}",Dakar,-17.4734,14.7247
SGP,SG,Singapore,"{'id': 'EAS', 'iso2code': 'Z4', 'value': 'East Asia & Pacific'}","{'id': '', 'iso2code': '', 'value': ''}","{'id': 'HIC', 'iso2code': 'XD', 'value': 'High income'}","{'id': 'LNX', 'iso2code': 'XX', 'value': 'Not classified'}",Singapore,103.85,1.28941
SLB,SB,Solomon Islands,"{'id': 'EAS', 'iso2code': 'Z4', 'value': 'East Asia & Pacific'}","{'id': 'EAP', 'iso2code': '4E', 'value': 'East Asia & Pacific (excluding high income)'}","{'id': 'LMC', 'iso2code': 'XN', 'value': 'Lower middle income'}","{'id': 'IDX', 'iso2code': 'XI', 'value': 'IDA'}",Honiara,159.949,-9.42676
SLE,SL,Sierra Leone,"{'id': 'SSF', 'iso2code': 'ZG', 'value': 'Sub-Saharan Africa '}","{'id': 'SSA', 'iso2code': 'ZF', 'value': 'Sub-Saharan Africa (excluding high income)'}","{'id': 'LIC', 'iso2code': 'XM', 'value': 'Low income'}","{'id': 'IDX', 'iso2code': 'XI', 'value': 'IDA'}",Freetown,-13.2134,8.4821
SLV,SV,El Salvador,"{'id': 'LCN', 'iso2code': 'ZJ', 'value': 'Latin America & Caribbean '}","{'id': 'LAC', 'iso2code': 'XJ', 'value': 'Latin America & Caribbean (excluding high income)'}","{'id': 'LMC', 'iso2code': 'XN', 'value': 'Lower middle income'}","{'id': 'IBD', 'iso2code': 'XF', 'value': 'IBRD'}",San Salvador,-89.2073,13.7034
SMR,SM,San Marino,"{'id': 'ECS', 'iso2code': 'Z7', 'value': 'Europe & Central Asia'}","{'id': '', 'iso2code': '', 'value': ''}","{'id': 'HIC', 'iso2code': 'XD', 'value': 'High income'}","{'id': 'LNX', 'iso2code': 'XX', 'value': 'Not classified'}",San Marino,12.4486,43.9322
SOM,SO,Somalia,"{'id': 'SSF', 'iso2code': 'ZG', 'value': 'Sub-Saharan Africa '}","{'id': 'SSA', 'iso2code': 'ZF', 'value': 'Sub-Saharan Africa (excluding high income)'}","{'id': 'LIC', 'iso2code': 'XM', 'value': 'Low income'}","{'id': 'IDX', 'iso2code': 'XI', 'value': 'IDA'}",Mogadishu,45.3254,2.07515
SRB,RS,Serbia,"{'id': 'ECS', 'iso2code': 'Z7', 'value': 'Europe & Central Asia'}","{'id': 'ECA', 'iso2code': '7E', 'value': 'Europe & Central Asia (excluding high income)'}","{'id': 'UMC', 'iso2code': 'XT', 'value': 'Upper middle income'}","{'id': 'IBD', 'iso2code': 'XF', 'value': 'IBRD'}",Belgrade,20.4656,44.8024
SSA,ZF,Sub-Saharan Africa (excluding high income),"{'id': 'NA', 'iso2code': 'NA', 'value': 'Aggregates'}","{'id': '', 'iso2code': '', 'value': ''}","{'id': 'NA', 'iso2code': 'NA', 'value': 'Aggregates'}","{'id': '', 'iso2code': '', 'value': 'Aggregates'}",,,
SSD,SS,South Sudan,"{'id': 'SSF', 'iso2code': 'ZG', 'value': 'Sub-Saharan Africa '}","{'id': 'SSA', 'iso2code': 'ZF', 'value': 'Sub-Saharan Africa (excluding high income)'}","{'id': 'LIC', 'iso2code': 'XM', 'value': 'Low income'}","{'id': 'IDX', 'iso2code': 'XI', 'value': 'IDA'}",Juba,31.6,4.85
SSF,ZG,Sub-Saharan Africa ,"{'id': 'NA', 'iso2code': 'NA', 'value': 'Aggregates'}","{'id': '', 'iso2code': '', 'value': ''}","{'id': 'NA', 'iso2code': 'NA', 'value': 'Aggregates'}","{'id': '', 'iso2code': '', 'value': 'Aggregates'}",,,
SST,S1,Small states,"{'id': 'NA', 'iso2code': 'NA', 'value': 'Aggregates'}","{'id': '', 'iso2code': '', 'value': ''}","{'id': 'NA', 'iso2code': 'NA', 'value': 'Aggregates'}","{'id': '', 'iso2code': '', 'value': 'Aggregates'}",,,
STP,ST,Sao Tome and Principe,"{'id': 'SSF', 'iso2code': 'ZG', 'value': 'Sub-Saharan Africa '}","{'id': 'SSA', 'iso2code': 'ZF', 'value': 'Sub-Saharan Africa (excluding high income)'}","{'id': 'LMC', 'iso2code': 'XN', 'value': 'Lower middle income'}","{'id': 'IDX', 'iso2code': 'XI', 'value': 'IDA'}",Sao Tome,6.6071,0.20618
SUR,SR,Suriname,"{'id': 'LCN', 'iso2code': 'ZJ', 'value': 'Latin America & Caribbean '}","{'id': 'LAC', 'iso2code': 'XJ', 'value': 'Latin America & Caribbean (excluding high income)'}","{'id': 'UMC', 'iso2code': 'XT', 'value': 'Upper middle income'}","{'id': 'IBD', 'iso2code': 'XF', 'value': 'IBRD'}",Paramaribo,-55.1679,5.8232
SVK,SK,Slovak Republic,"{'id': 'ECS', 'iso2code': 'Z7', 'value': 'Europe & Central Asia'}","{'id': '', 'iso2code': '', 'value': ''}","{'id': 'HIC', 'iso2code': 'XD', 'value': 'High income'}","{'id': 'LNX', 'iso2code': 'XX', 'value': 'Not classified'}",Bratislava,17.1073,48.1484
SVN,SI,Slovenia,"{'id': 'ECS', 'iso2code': 'Z7', 'value': 'Europe & Central Asia'}","{'id': '', 'iso2code': '', 'value': ''}","{'id': 'HIC', 'iso2code': 'XD', 'value': 'High income'}","{'id': 'LNX', 'iso2code': 'XX', 'value': 'Not classified'}",Ljubljana,14.5044,46.0546
SWE,SE,Sweden,"{'id': 'ECS', 'iso2code': 'Z7', 'value': 'Europe & Central Asia'}","{'id': '', 'iso2code': '', 'value': ''}","{'id': 'HIC', 'iso2code': 'XD', 'value': 'High income'}","{'id': 'LNX', 'iso2code': 'XX', 'value': 'Not classified'}",Stockholm,18.0645,59.3327
SWZ,SZ,Eswatini,"{'id': 'SSF', 'iso2code': 'ZG', 'value': 'Sub-Saharan Africa '}","{'id': 'SSA', 'iso2code': 'ZF', 'value': 'Sub-Saharan Africa (excluding high income)'}","{'id': 'LMC', 'iso2code': 'XN', 'value': 'Lower middle income'}","{'id': 'IBD', 'iso2code': 'XF', 'value': 'IBRD'}",Mbabane,31.4659,-26.5225
SXM,SX,Sint Maarten (Dutch part),"{'id': 'LCN', 'iso2code': 'ZJ', 'value': 'Latin America & Caribbean '}","{'id': '', 'iso2code': '', 'value': ''}","{'id': 'HIC', 'iso2code': 'XD', 'value': 'High income'}","{'id': 'LNX', 'iso2code': 'XX', 'value': 'Not classified'}",Philipsburg,,
SXZ,A4,Sub-Saharan Africa excluding South Africa,"{'id': 'NA', 'iso2code': 'NA', 'value': 'Aggregates'}","{'id': '', 'iso2code': '', 'value': ''}","{'id': 'NA', 'iso2code': 'NA', 'value': 'Aggregates'}","{'id': '', 'iso2code': '', 'value': 'Aggregates'}",,,
SYC,SC,Seychelles,"{'id': 'SSF', 'iso2code': 'ZG', 'value': 'Sub-Saharan Africa '}","{'id': '', 'iso2code': '', 'value': ''}","{'id': 'HIC', 'iso2code': 'XD', 'value': 'High income'}","{'id': 'IBD', 'iso2code': 'XF', 'value': 'IBRD'}",Victoria,55.4466,-4.6309
SYR,SY,Syrian Arab Republic,"{'id': 'MEA', 'iso2code': 'ZQ', 'value': 'Middle East & North Africa'}","{'id': 'MNA', 'iso2code': 'XQ', 'value': 'Middle East & North Africa (excluding high income)'}","{'id': 'LIC', 'iso2code': 'XM', 'value': 'Low income'}","{'id': 'IDX', 'iso2code': 'XI', 'value': 'IDA'}",Damascus,36.3119,33.5146
TCA,TC,Turks and Caicos Islands,"{'id': 'LCN', 'iso2code': 'ZJ', 'value': 'Latin America & Caribbean '}","{'id': '', 'iso2code': '', 'value': ''}","{'id': 'HIC', 'iso2code': 'XD', 'value': 'High income'}","{'id': 'LNX', 'iso2code': 'XX', 'value': 'Not classified'}",Grand Turk,-71.141389,21.4602778
TCD,TD,Chad,"{'id': 'SSF', 'iso2code': 'ZG', 'value': 'Sub-Saharan Africa '}","{'id': 'SSA', 'iso2code': 'ZF', 'value': 'Sub-Saharan Africa (excluding high income)'}","{'id': 'LIC', 'iso2code': 'XM', 'value': 'Low income'}","{'id': 'IDX', 'iso2code': 'XI', 'value': 'IDA'}",N'Djamena,15.0445,12.1048
TEA,T4,East Asia & Pacific (IDA & IBRD countries),"{'id': 'NA', 'iso2code': 'NA', 'value': 'Aggregates'}","{'id': '', 'iso2code': '', 'value': ''}","{'id': 'NA', 'iso2code': 'NA', 'value': 'Aggregates'}","{'id': '', 'iso2code': '', 'value': 'Aggregates'}",,,
TEC,T7,Europe & Central Asia (IDA & IBRD countries),"{'id': 'NA', 'iso2code': 'NA', 'value': 'Aggregates'}","{'id': '', 'iso2code': '', 'value': ''}","{'id': 'NA', 'iso2code': 'NA', 'value': 'Aggregates'}","{'id': '', 'iso2code': '', 'value': 'Aggregates'}",,,
TGO,TG,Togo,"{'id': 'SSF', 'iso2code': 'ZG', 'value': 'Sub-Saharan Africa '}","{'id': 'SSA', 'iso2code': 'ZF', 'value': 'Sub-Saharan Africa (excluding high income)'}","{'id': 'LIC', 'iso2code': 'XM', 'value': 'Low income'}","{'id': 'IDX', 'iso2code': 'XI', 'value': 'IDA'}",Lome,1.2255,6.1228
THA,TH,Thailand,"{'id': 'EAS', 'iso2code': 'Z4', 'value': 'East Asia & Pacific'}","{'id': 'EAP', 'iso2code': '4E', 'value': 'East Asia & Pacific (excluding high income)'}","{'id': 'UMC', 'iso2code': 'XT', 'value': 'Upper middle income'}","{'id': 'IBD', 'iso2code': 'XF', 'value': 'IBRD'}",Bangkok,100.521,13.7308
TJK,TJ,Tajikistan,"{'id': 'ECS', 'iso2code': 'Z7', 'value': 'Europe & Central Asia'}","{'id': 'ECA', 'iso2code': '7E', 'value': 'Europe & Central Asia (excluding high income)'}","{'id': 'LIC', 'iso2code': 'XM', 'value': 'Low income'}","{'id': 'IDX', 'iso2code': 'XI', 'value': 'IDA'}",Dushanbe,68.7864,38.5878
TKM,TM,Turkmenistan,"{'id': 'ECS', 'iso2code': 'Z7', 'value': 'Europe & Central Asia'}","{'id': 'ECA', 'iso2code': '7E', 'value': 'Europe & Central Asia (excluding high income)'}","{'id': 'UMC', 'iso2code': 'XT', 'value': 'Upper middle income'}","{'id': 'IBD', 'iso2code': 'XF', 'value': 'IBRD'}",Ashgabat,58.3794,37.9509
TLA,T2,Latin America & the Caribbean (IDA & IBRD countries),"{'id': 'NA', 'iso2code': 'NA', 'value': 'Aggregates'}","{'id': '', 'iso2code': '', 'value': ''}","{'id': 'NA', 'iso2code': 'NA', 'value': 'Aggregates'}","{'id': '', 'iso2code': '', 'value': 'Aggregates'}",,,
TLS,TL,Timor-Leste,"{'id': 'EAS', 'iso2code': 'Z4', 'value': 'East Asia & Pacific'}","{'id': 'EAP', 'iso2code': '4E', 'value': 'East Asia & Pacific (excluding high income)'}","{'id': 'LMC', 'iso2code': 'XN', 'value': 'Lower middle income'}","{'id': 'IDB', 'iso2code': 'XH', 'value': 'Blend'}",Dili,125.567,-8.56667
TMN,T3,Middle East & North Africa (IDA & IBRD countries),"{'id': 'NA', 'iso2code': 'NA', 'value': 'Aggregates'}","{'id': '', 'iso2code': '', 'value': ''}","{'id': 'NA', 'iso2code': 'NA', 'value': 'Aggregates'}","{'id': '', 'iso2code': '', 'value': 'Aggregates'}",,,
TON,TO,Tonga,"{'id': 'EAS', 'iso2code': 'Z4', 'value': 'East Asia & Pacific'}","{'id': 'EAP', 'iso2code': '4E', 'value': 'East Asia & Pacific (excluding high income)'}","{'id': 'UMC', 'iso2code': 'XT', 'value': 'Upper middle income'}","{'id': 'IDX', 'iso2code': 'XI', 'value': 'IDA'}",Nuku'alofa,-175.216,-21.136
TSA,T5,South Asia (IDA & IBRD),"{'id': 'NA', 'iso2code': 'NA', 'value': 'Aggregates'}","{'id': '', 'iso2code': '', 'value': ''}","{'id': 'NA', 'iso2code': 'NA', 'value': 'Aggregates'}","{'id': '', 'iso2code': '', 'value': 'Aggregates'}",,,
TSS,T6,Sub-Saharan Africa (IDA & IBRD countries),"{'id': 'NA', 'iso2code': 'NA', 'value': 'Aggregates'}","{'id': '', 'iso2code': '', 'value': ''}","{'id': 'NA', 'iso2code': 'NA', 'value': 'Aggregates'}","{'id': '', 'iso2code': '', 'value': 'Aggregates'}",,,
TTO,TT,Trinidad and Tobago,"{'id': 'LCN', 'iso2code': 'ZJ', 'value': 'Latin America & Caribbean '}","{'id': '', 'iso2code': '', 'value': ''}","{'id': 'HIC', 'iso2code': 'XD', 'value': 'High income'}","{'id': 'IBD', 'iso2code': 'XF', 'value': 'IBRD'}",Port-of-Spain,-61.4789,10.6596
TUN,TN,Tunisia,"{'id': 'MEA', 'iso2code': 'ZQ', 'value': 'Middle East & North Africa'}","{'id': 'MNA', 'iso2code': 'XQ', 'value': 'Middle East & North Africa (excluding high income)'}","{'id': 'LMC', 'iso2code': 'XN', 'value': 'Lower middle income'}","{'id': 'IBD', 'iso2code': 'XF', 'value': 'IBRD'}",Tunis,10.21,36.7899
TUR,TR,Turkey,"{'id': 'ECS', 'iso2code': 'Z7', 'value': 'Europe & Central Asia'}","{'id': 'ECA', 'iso2code': '7E', 'value': 'Europe & Central Asia (excluding high income)'}","{'id': 'UMC', 'iso2code': 'XT', 'value': 'Upper middle income'}","{'id': 'IBD', 'iso2code': 'XF', 'value': 'IBRD'}",Ankara,32.3606,39.7153
TUV,TV,Tuvalu,"{'id': 'EAS', 'iso2code': 'Z4', 'value': 'East Asia & Pacific'}","{'id': 'EAP', 'iso2code': '4E', 'value': 'East Asia & Pacific (excluding high income)'}","{'id': 'UMC', 'iso2code': 'XT', 'value': 'Upper middle income'}","{'id': 'IDX', 'iso2code': 'XI', 'value': 'IDA'}",Funafuti,179.089567,-8.6314877
TWN,TW,"Taiwan, China","{'id': 'EAS', 'iso2code': 'Z4', 'value': 'East Asia & Pacific'}","{'id': '', 'iso2code': '', 'value': ''}","{'id': 'HIC', 'iso2code': 'XD', 'value': 'High income'}","{'id': 'LNX', 'iso2code': 'XX', 'value': 'Not classified'}",,,
TZA,TZ,Tanzania,"{'id': 'SSF', 'iso2code': 'ZG', 'value': 'Sub-Saharan Africa '}","{'id': 'SSA', 'iso2code': 'ZF', 'value': 'Sub-Saharan Africa (excluding high income)'}","{'id': 'LIC', 'iso2code': 'XM', 'value': 'Low income'}","{'id': 'IDX', 'iso2code': 'XI', 'value': 'IDA'}",Dodoma,35.7382,-6.17486
UGA,UG,Uganda,"{'id': 'SSF', 'iso2code': 'ZG', 'value': 'Sub-Saharan Africa '}","{'id': 'SSA', 'iso2code': 'ZF', 'value': 'Sub-Saharan Africa (excluding high income)'}","{'id': 'LIC', 'iso2code': 'XM', 'value': 'Low income'}","{'id': 'IDX', 'iso2code': 'XI', 'value': 'IDA'}",Kampala,32.5729,0.314269
UKR,UA,Ukraine,"{'id': 'ECS', 'iso2code': 'Z7', 'value': 'Europe & Central Asia'}","{'id': 'ECA', 'iso2code': '7E', 'value': 'Europe & Central Asia (excluding high income)'}","{'id': 'LMC', 'iso2code': 'XN', 'value': 'Lower middle income'}","{'id': 'IBD', 'iso2code': 'XF', 'value': 'IBRD'}",Kiev,30.5038,50.4536
UMC,XT,Upper middle income,"{'id': 'NA', 'iso2code': 'NA', 'value': 'Aggregates'}","{'id': '', 'iso2code': '', 'value': ''}","{'id': 'NA', 'iso2code': 'NA', 'value': 'Aggregates'}","{'id': '', 'iso2code': '', 'value': 'Aggregates'}",,,
URY,UY,Uruguay,"{'id': 'LCN', 'iso2code': 'ZJ', 'value': 'Latin America & Caribbean '}","{'id': '', 'iso2code': '', 'value': ''}","{'id': 'HIC', 'iso2code': 'XD', 'value': 'High income'}","{'id': 'IBD', 'iso2code': 'XF', 'value': 'IBRD'}",Montevideo,-56.0675,-34.8941
USA,US,United States,"{'id': 'NAC', 'iso2code': 'XU', 'value': 'North America'}","{'id': '', 'iso2code': '', 'value': ''}","{'id': 'HIC', 'iso2code': 'XD', 'value': 'High income'}","{'id': 'LNX', 'iso2code': 'XX', 'value': 'Not classified'}",Washington D.C.,-77.032,38.8895
UZB,UZ,Uzbekistan,"{'id': 'ECS', 'iso2code': 'Z7', 'value': 'Europe & Central Asia'}","{'id': 'ECA', 'iso2code': '7E', 'value': 'Europe & Central Asia (excluding high income)'}","{'id': 'LMC', 'iso2code': 'XN', 'value': 'Lower middle income'}","{'id': 'IDB', 'iso2code': 'XH', 'value': 'Blend'}",Tashkent,69.269,41.3052
VCT,VC,St. Vincent and the Grenadines,"{'id': 'LCN', 'iso2code': 'ZJ', 'value': 'Latin America & Caribbean '}","{'id': 'LAC', 'iso2code': 'XJ', 'value': 'Latin America & Caribbean (excluding high income)'}","{'id': 'UMC', 'iso2code': 'XT', 'value': 'Upper middle income'}","{'id': 'IDB', 'iso2code': 'XH', 'value': 'Blend'}",Kingstown,-61.2653,13.2035
VEN,VE,"Venezuela, RB","{'id': 'LCN', 'iso2code': 'ZJ', 'value': 'Latin America & Caribbean '}","{'id': 'LAC', 'iso2code': 'XJ', 'value': 'Latin America & Caribbean (excluding high income)'}","{'id': 'UMC', 'iso2code': 'XT', 'value': 'Upper middle income'}","{'id': 'IBD', 'iso2code': 'XF', 'value': 'IBRD'}",Caracas,-69.8371,9.08165
VGB,VG,British Virgin Islands,"{'id': 'LCN', 'iso2code': 'ZJ', 'value': 'Latin America & Caribbean '}","{'id': '', 'iso2code': '', 'value': ''}","{'id': 'HIC', 'iso2code': 'XD', 'value': 'High income'}","{'id': 'LNX', 'iso2code': 'XX', 'value': 'Not classified'}",Road Town,-64.623056,18.431389
VIR,VI,Virgin Islands (U.S.),"{'id': 'LCN', 'iso2code': 'ZJ', 'value': 'Latin America & Caribbean '}","{'id': '', 'iso2code': '', 'value': ''}","{'id': 'HIC', 'iso2code': 'XD', 'value': 'High income'}","{'id': 'LNX', 'iso2code': 'XX', 'value': 'Not classified'}",Charlotte Amalie,-64.8963,18.3358
VNM,VN,Vietnam,"{'id': 'EAS', 'iso2code': 'Z4', 'value': 'East Asia & Pacific'}","{'id': 'EAP', 'iso2code': '4E', 'value': 'East Asia & Pacific (excluding high income)'}","{'id': 'LMC', 'iso2code': 'XN', 'value': 'Lower middle income'}","{'id': 'IBD', 'iso2code': 'XF', 'value': 'IBRD'}",Hanoi,105.825,21.0069
VUT,VU,Vanuatu,"{'id': 'EAS', 'iso2code': 'Z4', 'value': 'East Asia & Pacific'}","{'id': 'EAP', 'iso2code': '4E', 'value': 'East Asia & Pacific (excluding high income)'}","{'id': 'LMC', 'iso2code': 'XN', 'value': 'Lower middle income'}","{'id': 'IDX', 'iso2code': 'XI', 'value': 'IDA'}",Port-Vila,168.321,-17.7404
WLD,1W,World,"{'id': 'NA', 'iso2code': 'NA', 'value': 'Aggregates'}","{'id': '', 'iso2code': '', 'value': ''}","{'id': 'NA', 'iso2code': 'NA', 'value': 'Aggregates'}","{'id': '', 'iso2code': '', 'value': 'Aggregates'}",,,
WSM,WS,Samoa,"{'id': 'EAS', 'iso2code': 'Z4', 'value': 'East Asia & Pacific'}","{'id': 'EAP', 'iso2code': '4E', 'value': 'East Asia & Pacific (excluding high income)'}","{'id': 'UMC', 'iso2code': 'XT', 'value': 'Upper middle income'}","{'id': 'IDX', 'iso2code': 'XI', 'value': 'IDA'}",Apia,-171.752,-13.8314
XKX,XK,Kosovo,"{'id': 'ECS', 'iso2code': 'Z7', 'value': 'Europe & Central Asia'}","{'id': 'ECA', 'iso2code': '7E', 'value': 'Europe & Central Asia (excluding high income)'}","{'id': 'UMC', 'iso2code': 'XT', 'value': 'Upper middle income'}","{'id': 'IDX', 'iso2code': 'XI', 'value': 'IDA'}",Pristina,20.926,42.565
XZN,A5,Sub-Saharan Africa excluding South Africa and Nigeria,"{'id': 'NA', 'iso2code': 'NA', 'value': 'Aggregates'}","{'id': '', 'iso2code': '', 'value': ''}","{'id': 'NA', 'iso2code': 'NA', 'value': 'Aggregates'}","{'id': '', 'iso2code': '', 'value': 'Aggregates'}",,,
YEM,YE,"Yemen, Rep.","{'id': 'MEA', 'iso2code': 'ZQ', 'value': 'Middle East & North Africa'}","{'id': 'MNA', 'iso2code': 'XQ', 'value': 'Middle East & North Africa (excluding high income)'}","{'id': 'LIC', 'iso2code': 'XM', 'value': 'Low income'}","{'id': 'IDX', 'iso2code': 'XI', 'value': 'IDA'}",Sana'a,44.2075,15.352
ZAF,ZA,South Africa,"{'id': 'SSF', 'iso2code': 'ZG', 'value': 'Sub-Saharan Africa '}","{'id': 'SSA', 'iso2code': 'ZF', 'value': 'Sub-Saharan Africa (excluding high income)'}","{'id': 'UMC', 'iso2code': 'XT', 'value': 'Upper middle income'}","{'id': 'IBD', 'iso2code': 'XF', 'value': 'IBRD'}",Pretoria,28.1871,-25.746
ZMB,ZM,Zambia,"{'id': 'SSF', 'iso2code': 'ZG', 'value': 'Sub-Saharan Africa '}","{'id': 'SSA', 'iso2code': 'ZF', 'value': 'Sub-Saharan Africa (excluding high income)'}","{'id': 'LMC', 'iso2code': 'XN', 'value': 'Lower middle income'}","{'id': 'IDX', 'iso2code': 'XI', 'value': 'IDA'}",Lusaka,28.2937,-15.3982
ZWE,ZW,Zimbabwe,"{'id': 'SSF', 'iso2code': 'ZG', 'value': 'Sub-Saharan Africa '}","{'id': 'SSA', 'iso2code': 'ZF', 'value': 'Sub-Saharan Africa (excluding high income)'}","{'id': 'LMC', 'iso2code': 'XN', 'value': 'Lower middle income'}","{'id': 'IDB', 'iso2code': 'XH', 'value': 'Blend'}",Harare,31.0672,-17.8312
